Video ID,Session,View Count,Like Count,Comment Count,Favorite Count,Video Category,Video Published At
mb5ldcr1jbA,1,273046,1273,0,0,News & Politics,2024-10-21T19:10:34Z
rtLGwJF9Jxc,1,93939,568,0,0,Film & Animation,2024-10-21T18:45:33Z
HAOgdVdSSkA,1,647685,0,6,0,News & Politics,2024-10-21T18:41:24Z
WWeOBvAvwrY,1,41646,6085,998,0,News & Politics,2024-10-21T18:31:26Z
WunqF6zQnbI,1,52315,1747,27,0,News & Politics,2024-10-21T18:10:08Z
rm4qj0SJKKE,1,21139,1824,88,0,News & Politics,2024-10-21T20:26:07Z
uDvNq7vtGnM,1,4750,176,39,0,Entertainment,2024-10-21T17:38:38Z
p8SIBaDl9PE,1,71933,900,0,0,News & Politics,2024-10-21T17:37:58Z
q_V96gv_IDA,1,101042,1303,0,0,News & Politics,2024-10-21T17:34:17Z
TS6wQl2Gq_Y,1,11717,500,1,0,Gaming,2024-10-21T17:24:21Z
CQMZndfGRWI,1,21155,2984,54,0,People & Blogs,2024-10-21T20:12:23Z
qX6MAp5qQrU,1,115065,6930,100,0,News & Politics,2024-10-21T16:56:12Z
tcAExHTclc4,1,9163,70,0,0,Sports,2024-10-21T16:22:16Z
95RPXz_h2Fw,1,12727,2627,163,0,People & Blogs,2024-10-21T16:13:57Z
6kKE4Rurmmk,1,7085,693,77,0,Comedy,2024-10-21T16:11:11Z
YRyo5vL6XsI,1,38117,5411,81,0,Entertainment,2024-10-21T16:07:27Z
Y8hZ5i0TGIs,1,149058,1126,135,0,News & Politics,2024-10-21T15:52:42Z
JrD7QKy8PUI,1,424,20,1,0,Education,2024-10-21T15:51:16Z
f7v8WJgChU8,1,440,10,0,0,Sports,2024-10-21T15:30:18Z
zToiY455lhQ,1,727135,125240,2512,0,People & Blogs,2024-10-21T15:06:25Z
uDVNRYxIMRE,1,75001,352,0,0,Film & Animation,2024-10-21T15:00:59Z
Yfcs9OPrQz8,1,147531,731,0,0,News & Politics,2024-10-21T15:01:13Z
-n0waD4qzI4,1,16245,412,6,0,Entertainment,2024-10-21T15:00:06Z
qfih0r0sq0c,1,27509,1079,7,0,Gaming,2024-10-21T14:44:32Z
NUzGaZkGTu4,1,81342,395,0,0,Film & Animation,2024-10-21T14:45:49Z
I1cPbwuMc3U,1,242422,636,2,0,News & Politics,2024-10-21T14:29:42Z
3s6uanj_5DY,1,9183,679,70,0,Comedy,2024-10-21T14:26:44Z
XzW21Dj6PIQ,1,2235,217,3,0,Sports,2024-10-21T14:15:02Z
bD-R-2DPzuc,1,602925,14554,216,0,News & Politics,2024-10-21T14:05:31Z
f-Dvm17aVxk,1,9425,303,38,0,Sports,2024-10-21T14:00:42Z
RzQpDaa2044,1,2198551,31306,34,0,Sports,2024-10-21T13:32:11Z
Gs1r0uzedBw,1,1462,196,3,0,Education,2024-10-21T13:31:20Z
F4oaCRpuCtU,1,45654,334,48,0,News & Politics,2024-10-21T13:28:10Z
ng_xV81XhHM,1,6365,35,56,0,News & Politics,2024-10-21T13:03:08Z
yGLEpVbJm40,1,1073201,29701,7367,0,News & Politics,2024-10-21T13:01:10Z
lKwo4S2VA3c,1,43167,245,4,0,News & Politics,2024-10-21T13:01:47Z
T0sPOtCwXio,1,1093,275,15,0,Gaming,2024-10-21T12:55:26Z
6iG4Zp8HLOA,1,220840,4425,0,0,News & Politics,2024-10-21T12:52:07Z
E-TA8hJIUk8,1,8472,297,19,0,Sports,2024-10-21T12:40:42Z
gE4eK3He-7w,1,111335,3326,0,0,News & Politics,2024-10-21T20:09:19Z
qWDt3sCTGFg,1,44174,2530,83,0,Entertainment,2024-10-21T12:30:46Z
zZsgnPmP6lg,1,36540,3736,19,0,Gaming,2024-10-21T12:16:34Z
PYJ4do-OZAQ,1,94314,1700,0,0,Entertainment,2024-10-21T12:11:16Z
_AlZYvis4uE,1,215762,1961,0,0,Entertainment,2024-10-21T12:09:45Z
Nks9y_kpofE,1,24255,358,2,0,Gaming,2024-10-21T12:08:52Z
sMY2RlXdreo,1,30083,4590,166,0,Music,2024-10-21T12:01:12Z
u5us4Y5Q4AY,1,3224,672,9,0,Nonprofits & Activism,2024-10-21T12:01:11Z
jX9vfyAyELE,1,529,6,1,0,Entertainment,2024-10-21T12:00:06Z
IXq9Ex6qLxY,1,22119,1090,87,0,People & Blogs,2024-10-21T11:53:17Z
00-9NCfhVF8,1,12343,1634,28,0,Music,2024-10-21T11:50:09Z
mb5ldcr1jbA,2,275310,1279,0,0,News & Politics,2024-10-21T19:10:34Z
rtLGwJF9Jxc,2,95521,572,0,0,Film & Animation,2024-10-21T18:45:33Z
HAOgdVdSSkA,2,650384,0,6,0,News & Politics,2024-10-21T18:41:24Z
WWeOBvAvwrY,2,52620,6972,1173,0,News & Politics,2024-10-21T18:31:26Z
WunqF6zQnbI,2,56002,1824,38,0,News & Politics,2024-10-21T18:10:08Z
rm4qj0SJKKE,2,41829,1652,129,0,News & Politics,2024-10-21T20:26:07Z
uDvNq7vtGnM,2,5025,182,40,0,Entertainment,2024-10-21T17:38:38Z
p8SIBaDl9PE,2,72208,901,0,0,News & Politics,2024-10-21T17:37:58Z
q_V96gv_IDA,2,104421,1338,0,0,News & Politics,2024-10-21T17:34:17Z
TS6wQl2Gq_Y,2,11791,506,2,0,Gaming,2024-10-21T17:24:21Z
CQMZndfGRWI,2,30472,3527,128,0,People & Blogs,2024-10-21T20:12:23Z
qX6MAp5qQrU,2,117156,7012,103,0,News & Politics,2024-10-21T16:56:12Z
tcAExHTclc4,2,9268,75,0,0,Sports,2024-10-21T16:22:16Z
95RPXz_h2Fw,2,13125,2707,176,0,People & Blogs,2024-10-21T16:13:57Z
6kKE4Rurmmk,2,7483,704,82,0,Comedy,2024-10-21T16:11:11Z
YRyo5vL6XsI,2,38703,5485,84,0,Entertainment,2024-10-21T16:07:27Z
Y8hZ5i0TGIs,2,149639,1134,144,0,News & Politics,2024-10-21T15:52:42Z
JrD7QKy8PUI,2,413,20,1,0,Education,2024-10-21T15:51:16Z
f7v8WJgChU8,2,440,10,0,0,Sports,2024-10-21T15:30:18Z
zToiY455lhQ,2,807003,132297,2574,0,People & Blogs,2024-10-21T15:06:25Z
uDVNRYxIMRE,2,75634,354,0,0,Film & Animation,2024-10-21T15:00:59Z
Yfcs9OPrQz8,2,154476,740,0,0,News & Politics,2024-10-21T15:01:13Z
-n0waD4qzI4,2,17718,401,6,0,Entertainment,2024-10-21T15:00:06Z
qfih0r0sq0c,2,27599,1082,7,0,Gaming,2024-10-21T14:44:32Z
NUzGaZkGTu4,2,81752,395,0,0,Film & Animation,2024-10-21T14:45:49Z
I1cPbwuMc3U,2,242588,637,2,0,News & Politics,2024-10-21T14:29:42Z
3s6uanj_5DY,2,9482,687,72,0,Comedy,2024-10-21T14:26:44Z
XzW21Dj6PIQ,2,2459,226,3,0,Sports,2024-10-21T14:15:02Z
bD-R-2DPzuc,2,616602,14659,217,0,News & Politics,2024-10-21T14:05:31Z
f-Dvm17aVxk,2,10543,322,43,0,Sports,2024-10-21T14:00:42Z
RzQpDaa2044,2,2200674,31311,34,0,Sports,2024-10-21T13:32:11Z
Gs1r0uzedBw,2,1572,209,3,0,Education,2024-10-21T13:31:20Z
F4oaCRpuCtU,2,46596,338,51,0,News & Politics,2024-10-21T13:28:10Z
ng_xV81XhHM,2,6374,35,56,0,News & Politics,2024-10-21T13:03:08Z
yGLEpVbJm40,2,1164984,31060,7651,0,News & Politics,2024-10-21T13:01:10Z
lKwo4S2VA3c,2,43787,247,4,0,News & Politics,2024-10-21T13:01:47Z
T0sPOtCwXio,2,1151,284,15,0,Gaming,2024-10-21T12:55:26Z
6iG4Zp8HLOA,2,224834,4459,0,0,News & Politics,2024-10-21T12:52:07Z
E-TA8hJIUk8,2,9221,307,21,0,Sports,2024-10-21T12:40:42Z
gE4eK3He-7w,2,128896,3440,0,0,News & Politics,2024-10-21T20:09:19Z
qWDt3sCTGFg,2,45434,2604,83,0,Entertainment,2024-10-21T12:30:46Z
zZsgnPmP6lg,2,36639,3743,19,0,Gaming,2024-10-21T12:16:34Z
PYJ4do-OZAQ,2,109951,1828,0,0,Entertainment,2024-10-21T12:11:16Z
_AlZYvis4uE,2,240438,2063,0,0,Entertainment,2024-10-21T12:09:45Z
Nks9y_kpofE,2,24275,359,2,0,Gaming,2024-10-21T12:08:52Z
sMY2RlXdreo,2,30750,4721,168,0,Music,2024-10-21T12:01:12Z
u5us4Y5Q4AY,2,3499,723,11,0,Nonprofits & Activism,2024-10-21T12:01:11Z
jX9vfyAyELE,2,529,6,1,0,Entertainment,2024-10-21T12:00:06Z
IXq9Ex6qLxY,2,22242,1092,87,0,People & Blogs,2024-10-21T11:53:17Z
00-9NCfhVF8,2,12428,1645,29,0,Music,2024-10-21T11:50:09Z
mb5ldcr1jbA,3,276646,1281,0,0,News & Politics,2024-10-21T19:10:34Z
rtLGwJF9Jxc,3,96689,579,0,0,Film & Animation,2024-10-21T18:45:33Z
HAOgdVdSSkA,3,651497,0,6,0,News & Politics,2024-10-21T18:41:24Z
WWeOBvAvwrY,3,63200,7551,1300,0,News & Politics,2024-10-21T18:31:26Z
WunqF6zQnbI,3,58698,1897,45,0,News & Politics,2024-10-21T18:10:08Z
rm4qj0SJKKE,3,51251,1837,156,0,News & Politics,2024-10-21T20:26:07Z
uDvNq7vtGnM,3,5242,189,42,0,Entertainment,2024-10-21T17:38:38Z
p8SIBaDl9PE,3,72317,901,0,0,News & Politics,2024-10-21T17:37:58Z
q_V96gv_IDA,3,107859,1354,0,0,News & Politics,2024-10-21T17:34:17Z
TS6wQl2Gq_Y,3,11850,509,3,0,Gaming,2024-10-21T17:24:21Z
CQMZndfGRWI,3,35153,3938,154,0,People & Blogs,2024-10-21T20:12:23Z
qX6MAp5qQrU,3,119167,7069,116,0,News & Politics,2024-10-21T16:56:12Z
tcAExHTclc4,3,9364,75,0,0,Sports,2024-10-21T16:22:16Z
95RPXz_h2Fw,3,13567,2836,196,0,People & Blogs,2024-10-21T16:13:57Z
6kKE4Rurmmk,3,7859,720,92,0,Comedy,2024-10-21T16:11:11Z
YRyo5vL6XsI,3,39361,5548,87,0,Entertainment,2024-10-21T16:07:27Z
Y8hZ5i0TGIs,3,149987,1144,152,0,News & Politics,2024-10-21T15:52:42Z
JrD7QKy8PUI,3,424,20,1,0,Education,2024-10-21T15:51:16Z
f7v8WJgChU8,3,454,11,0,0,Sports,2024-10-21T15:30:18Z
zToiY455lhQ,3,865426,138635,2633,0,People & Blogs,2024-10-21T15:06:25Z
uDVNRYxIMRE,3,76243,356,0,0,Film & Animation,2024-10-21T15:00:59Z
Yfcs9OPrQz8,3,159445,750,0,0,News & Politics,2024-10-21T15:01:13Z
-n0waD4qzI4,3,18768,406,7,0,Entertainment,2024-10-21T15:00:06Z
qfih0r0sq0c,3,27733,1084,8,0,Gaming,2024-10-21T14:44:32Z
NUzGaZkGTu4,3,82074,397,0,0,Film & Animation,2024-10-21T14:45:49Z
I1cPbwuMc3U,3,242663,637,2,0,News & Politics,2024-10-21T14:29:42Z
3s6uanj_5DY,3,9710,692,73,0,Comedy,2024-10-21T14:26:44Z
XzW21Dj6PIQ,3,2628,238,3,0,Sports,2024-10-21T14:15:02Z
bD-R-2DPzuc,3,622502,14718,217,0,News & Politics,2024-10-21T14:05:31Z
f-Dvm17aVxk,3,11324,337,44,0,Sports,2024-10-21T14:00:42Z
RzQpDaa2044,3,2202044,31318,34,0,Sports,2024-10-21T13:32:11Z
Gs1r0uzedBw,3,1667,220,3,0,Education,2024-10-21T13:31:20Z
F4oaCRpuCtU,3,47391,347,54,0,News & Politics,2024-10-21T13:28:10Z
ng_xV81XhHM,3,6407,36,56,0,News & Politics,2024-10-21T13:03:08Z
yGLEpVbJm40,3,1244587,32284,7746,0,News & Politics,2024-10-21T13:01:10Z
lKwo4S2VA3c,3,44225,248,6,0,News & Politics,2024-10-21T13:01:47Z
T0sPOtCwXio,3,1204,294,15,0,Gaming,2024-10-21T12:55:26Z
6iG4Zp8HLOA,3,228254,4471,0,0,News & Politics,2024-10-21T12:52:07Z
E-TA8hJIUk8,3,9925,317,21,0,Sports,2024-10-21T12:40:42Z
gE4eK3He-7w,3,136614,3491,0,0,News & Politics,2024-10-21T20:09:19Z
qWDt3sCTGFg,3,47320,2708,86,0,Entertainment,2024-10-21T12:30:46Z
zZsgnPmP6lg,3,36768,3750,20,0,Gaming,2024-10-21T12:16:34Z
PYJ4do-OZAQ,3,120397,2008,27,0,Entertainment,2024-10-21T22:35:01Z
_AlZYvis4uE,3,265181,2144,26,0,Entertainment,2024-10-21T22:21:01Z
Nks9y_kpofE,3,24289,360,2,0,Gaming,2024-10-21T12:08:52Z
sMY2RlXdreo,3,31693,4908,173,0,Music,2024-10-21T12:01:12Z
u5us4Y5Q4AY,3,3793,781,12,0,Nonprofits & Activism,2024-10-21T12:01:11Z
jX9vfyAyELE,3,713,6,1,0,Entertainment,2024-10-21T12:00:06Z
IXq9Ex6qLxY,3,22349,1101,88,0,People & Blogs,2024-10-21T11:53:17Z
00-9NCfhVF8,3,12514,1650,29,0,Music,2024-10-21T11:50:09Z
mb5ldcr1jbA,4,277496,1287,0,0,News & Politics,2024-10-21T19:10:34Z
rtLGwJF9Jxc,4,97763,580,0,0,Film & Animation,2024-10-21T18:45:33Z
HAOgdVdSSkA,4,652396,0,6,0,News & Politics,2024-10-21T18:41:24Z
WWeOBvAvwrY,4,69873,7931,1387,0,News & Politics,2024-10-21T18:31:26Z
WunqF6zQnbI,4,60872,1953,51,0,News & Politics,2024-10-21T18:10:08Z
rm4qj0SJKKE,4,56860,1784,210,0,News & Politics,2024-10-21T20:26:07Z
uDvNq7vtGnM,4,5425,192,45,0,Entertainment,2024-10-21T17:38:38Z
p8SIBaDl9PE,4,72396,902,0,0,News & Politics,2024-10-21T17:37:58Z
q_V96gv_IDA,4,110246,1361,0,0,News & Politics,2024-10-21T17:34:17Z
TS6wQl2Gq_Y,4,11949,510,3,0,Gaming,2024-10-21T17:24:21Z
CQMZndfGRWI,4,39019,4298,184,0,People & Blogs,2024-10-21T20:12:23Z
qX6MAp5qQrU,4,120798,7109,118,0,News & Politics,2024-10-21T16:56:12Z
tcAExHTclc4,4,9428,75,0,0,Sports,2024-10-21T16:22:16Z
95RPXz_h2Fw,4,14104,2951,219,0,People & Blogs,2024-10-21T16:13:57Z
6kKE4Rurmmk,4,8142,732,96,0,Comedy,2024-10-21T16:11:11Z
YRyo5vL6XsI,4,39878,5599,88,0,Entertainment,2024-10-21T16:07:27Z
Y8hZ5i0TGIs,4,150463,1168,164,0,News & Politics,2024-10-21T15:52:42Z
JrD7QKy8PUI,4,436,21,1,0,Education,2024-10-21T15:51:16Z
f7v8WJgChU8,4,458,12,0,0,Sports,2024-10-21T15:30:18Z
zToiY455lhQ,4,914746,144201,2665,0,People & Blogs,2024-10-21T15:06:25Z
uDVNRYxIMRE,4,76738,359,0,0,Film & Animation,2024-10-21T15:00:59Z
Yfcs9OPrQz8,4,162136,758,0,0,News & Politics,2024-10-21T15:01:13Z
-n0waD4qzI4,4,19287,410,7,0,Entertainment,2024-10-21T15:00:06Z
qfih0r0sq0c,4,27896,1084,8,0,Gaming,2024-10-21T14:44:32Z
NUzGaZkGTu4,4,82307,397,0,0,Film & Animation,2024-10-21T14:45:49Z
I1cPbwuMc3U,4,242780,636,2,0,News & Politics,2024-10-21T14:29:42Z
3s6uanj_5DY,4,9883,700,74,0,Comedy,2024-10-21T14:26:44Z
XzW21Dj6PIQ,4,2754,246,3,0,Sports,2024-10-21T14:15:02Z
bD-R-2DPzuc,4,625980,14768,217,0,News & Politics,2024-10-21T14:05:31Z
f-Dvm17aVxk,4,12151,356,47,0,Sports,2024-10-21T14:00:42Z
RzQpDaa2044,4,2202841,31322,35,0,Sports,2024-10-21T13:32:11Z
Gs1r0uzedBw,4,1767,233,3,0,Education,2024-10-21T13:31:20Z
F4oaCRpuCtU,4,48181,363,54,0,News & Politics,2024-10-21T13:28:10Z
ng_xV81XhHM,4,6427,37,56,0,News & Politics,2024-10-21T13:03:08Z
yGLEpVbJm40,4,1314839,33231,7978,0,News & Politics,2024-10-21T13:01:10Z
lKwo4S2VA3c,4,44606,250,6,0,News & Politics,2024-10-21T13:01:47Z
T0sPOtCwXio,4,1236,303,15,0,Gaming,2024-10-21T12:55:26Z
6iG4Zp8HLOA,4,230085,4458,0,0,News & Politics,2024-10-21T12:52:07Z
E-TA8hJIUk8,4,10252,321,22,0,Sports,2024-10-21T12:40:42Z
gE4eK3He-7w,4,141423,3525,0,0,News & Politics,2024-10-21T20:09:19Z
qWDt3sCTGFg,4,49160,2778,88,0,Entertainment,2024-10-21T12:30:46Z
zZsgnPmP6lg,4,36876,3757,20,0,Gaming,2024-10-21T12:16:34Z
PYJ4do-OZAQ,4,141088,2095,85,0,Entertainment,2024-10-21T22:35:01Z
_AlZYvis4uE,4,297948,2196,84,0,Entertainment,2024-10-21T22:21:01Z
Nks9y_kpofE,4,24321,361,2,0,Gaming,2024-10-21T12:08:52Z
sMY2RlXdreo,4,33026,5065,176,0,Music,2024-10-21T12:01:12Z
u5us4Y5Q4AY,4,4062,821,12,0,Nonprofits & Activism,2024-10-21T12:01:11Z
jX9vfyAyELE,4,713,6,1,0,Entertainment,2024-10-21T12:00:06Z
IXq9Ex6qLxY,4,22458,1109,93,0,People & Blogs,2024-10-21T11:53:17Z
00-9NCfhVF8,4,12620,1652,30,0,Music,2024-10-21T11:50:09Z
mb5ldcr1jbA,5,278589,1300,0,0,News & Politics,2024-10-21T19:10:34Z
rtLGwJF9Jxc,5,98531,583,0,0,Film & Animation,2024-10-21T18:45:33Z
HAOgdVdSSkA,5,653621,0,6,0,News & Politics,2024-10-21T18:41:24Z
WWeOBvAvwrY,5,74418,8148,1449,0,News & Politics,2024-10-21T18:31:26Z
WunqF6zQnbI,5,62924,1997,57,0,News & Politics,2024-10-21T18:10:08Z
rm4qj0SJKKE,5,61578,1864,217,0,News & Politics,2024-10-21T20:26:07Z
uDvNq7vtGnM,5,5626,201,46,0,Entertainment,2024-10-21T17:38:38Z
p8SIBaDl9PE,5,72525,909,0,0,News & Politics,2024-10-21T17:37:58Z
q_V96gv_IDA,5,112124,1367,0,0,News & Politics,2024-10-21T17:34:17Z
TS6wQl2Gq_Y,5,12093,515,3,0,Gaming,2024-10-21T17:24:21Z
CQMZndfGRWI,5,43260,4543,219,0,People & Blogs,2024-10-21T20:12:23Z
qX6MAp5qQrU,5,122491,7137,125,0,News & Politics,2024-10-21T16:56:12Z
tcAExHTclc4,5,9462,75,0,0,Sports,2024-10-21T16:22:16Z
95RPXz_h2Fw,5,14893,3069,259,0,People & Blogs,2024-10-21T16:13:57Z
6kKE4Rurmmk,5,8345,743,103,0,Comedy,2024-10-21T16:11:11Z
YRyo5vL6XsI,5,40391,5638,89,0,Entertainment,2024-10-21T16:07:27Z
Y8hZ5i0TGIs,5,151358,1177,168,0,News & Politics,2024-10-21T15:52:42Z
JrD7QKy8PUI,5,436,21,1,0,Education,2024-10-21T15:51:16Z
f7v8WJgChU8,5,458,12,0,0,Sports,2024-10-21T15:30:18Z
zToiY455lhQ,5,966888,150192,2693,0,People & Blogs,2024-10-21T15:06:25Z
uDVNRYxIMRE,5,77298,362,0,0,Film & Animation,2024-10-21T15:00:59Z
Yfcs9OPrQz8,5,164610,777,0,0,News & Politics,2024-10-21T15:01:13Z
-n0waD4qzI4,5,19758,422,7,0,Entertainment,2024-10-21T15:00:06Z
qfih0r0sq0c,5,28034,1085,8,0,Gaming,2024-10-21T14:44:32Z
NUzGaZkGTu4,5,82533,398,0,0,Film & Animation,2024-10-21T14:45:49Z
I1cPbwuMc3U,5,242974,636,2,0,News & Politics,2024-10-21T14:29:42Z
3s6uanj_5DY,5,10034,705,74,0,Comedy,2024-10-21T14:26:44Z
XzW21Dj6PIQ,5,2899,251,4,0,Sports,2024-10-21T14:15:02Z
bD-R-2DPzuc,5,629930,14868,217,0,News & Politics,2024-10-21T14:05:31Z
f-Dvm17aVxk,5,13126,379,49,0,Sports,2024-10-21T14:00:42Z
RzQpDaa2044,5,2203419,31325,35,0,Sports,2024-10-21T13:32:11Z
Gs1r0uzedBw,5,1885,238,3,0,Education,2024-10-21T13:31:20Z
F4oaCRpuCtU,5,49707,373,55,0,News & Politics,2024-10-21T13:28:10Z
ng_xV81XhHM,5,6467,38,56,0,News & Politics,2024-10-21T13:03:08Z
yGLEpVbJm40,5,1389338,34467,8220,0,News & Politics,2024-10-21T13:01:10Z
lKwo4S2VA3c,5,44926,251,6,0,News & Politics,2024-10-21T13:01:47Z
T0sPOtCwXio,5,1295,308,15,0,Gaming,2024-10-21T12:55:26Z
6iG4Zp8HLOA,5,231352,4471,0,0,News & Politics,2024-10-21T12:52:07Z
E-TA8hJIUk8,5,10455,322,22,0,Sports,2024-10-21T12:40:42Z
gE4eK3He-7w,5,144268,3553,0,0,News & Politics,2024-10-21T20:09:19Z
qWDt3sCTGFg,5,51486,2832,88,0,Entertainment,2024-10-21T12:30:46Z
zZsgnPmP6lg,5,36987,3763,20,0,Gaming,2024-10-21T12:16:34Z
PYJ4do-OZAQ,5,150645,2163,156,0,Entertainment,2024-10-21T22:35:01Z
_AlZYvis4uE,5,307092,2246,108,0,Entertainment,2024-10-21T22:21:01Z
Nks9y_kpofE,5,24348,361,2,0,Gaming,2024-10-21T12:08:52Z
sMY2RlXdreo,5,34695,5178,176,0,Music,2024-10-21T12:01:12Z
u5us4Y5Q4AY,5,4382,861,13,0,Nonprofits & Activism,2024-10-21T12:01:11Z
jX9vfyAyELE,5,877,9,2,0,Entertainment,2024-10-21T12:00:06Z
IXq9Ex6qLxY,5,22613,1115,100,0,People & Blogs,2024-10-21T11:53:17Z
00-9NCfhVF8,5,12745,1659,30,0,Music,2024-10-21T11:50:09Z
mb5ldcr1jbA,6,280162,1323,1,0,News & Politics,2024-10-21T19:10:34Z
rtLGwJF9Jxc,6,99000,583,0,0,Film & Animation,2024-10-21T18:45:33Z
HAOgdVdSSkA,6,655745,0,6,0,News & Politics,2024-10-21T18:41:24Z
WWeOBvAvwrY,6,77061,8307,1483,0,News & Politics,2024-10-21T18:31:26Z
WunqF6zQnbI,6,64619,2038,58,0,News & Politics,2024-10-21T18:10:08Z
rm4qj0SJKKE,6,64794,1857,230,0,News & Politics,2024-10-21T20:26:07Z
uDvNq7vtGnM,6,5840,205,51,0,Entertainment,2024-10-21T17:38:38Z
p8SIBaDl9PE,6,72816,920,0,0,News & Politics,2024-10-21T17:37:58Z
q_V96gv_IDA,6,113074,1369,0,0,News & Politics,2024-10-21T17:34:17Z
TS6wQl2Gq_Y,6,12182,516,3,0,Gaming,2024-10-21T17:24:21Z
CQMZndfGRWI,6,46341,4720,247,0,People & Blogs,2024-10-21T20:12:23Z
qX6MAp5qQrU,6,123338,7160,127,0,News & Politics,2024-10-21T16:56:12Z
tcAExHTclc4,6,9462,75,0,0,Sports,2024-10-21T16:22:16Z
95RPXz_h2Fw,6,15775,3176,287,0,People & Blogs,2024-10-21T16:13:57Z
6kKE4Rurmmk,6,8509,757,112,0,Comedy,2024-10-21T16:11:11Z
YRyo5vL6XsI,6,40803,5669,91,0,Entertainment,2024-10-21T16:07:27Z
Y8hZ5i0TGIs,6,152294,1194,170,0,News & Politics,2024-10-21T15:52:42Z
JrD7QKy8PUI,6,444,23,1,0,Education,2024-10-21T15:51:16Z
f7v8WJgChU8,6,470,12,0,0,Sports,2024-10-21T15:30:18Z
zToiY455lhQ,6,1011973,158729,2760,0,People & Blogs,2024-10-21T15:06:25Z
uDVNRYxIMRE,6,77917,365,0,0,Film & Animation,2024-10-21T15:00:59Z
Yfcs9OPrQz8,6,167471,816,0,0,News & Politics,2024-10-21T15:01:13Z
-n0waD4qzI4,6,20253,438,7,0,Entertainment,2024-10-21T15:00:06Z
qfih0r0sq0c,6,28189,1085,9,0,Gaming,2024-10-21T14:44:32Z
NUzGaZkGTu4,6,82745,398,0,0,Film & Animation,2024-10-21T14:45:49Z
I1cPbwuMc3U,6,243245,636,2,0,News & Politics,2024-10-21T14:29:42Z
3s6uanj_5DY,6,10103,710,75,0,Comedy,2024-10-21T14:26:44Z
XzW21Dj6PIQ,6,3006,259,4,0,Sports,2024-10-21T14:15:02Z
bD-R-2DPzuc,6,635786,15069,219,0,News & Politics,2024-10-21T14:05:31Z
f-Dvm17aVxk,6,13731,390,52,0,Sports,2024-10-21T14:00:42Z
RzQpDaa2044,6,2203789,31330,35,0,Sports,2024-10-21T13:32:11Z
Gs1r0uzedBw,6,1954,244,3,0,Education,2024-10-21T13:31:20Z
F4oaCRpuCtU,6,51433,388,59,0,News & Politics,2024-10-21T13:28:10Z
ng_xV81XhHM,6,6503,38,56,0,News & Politics,2024-10-21T13:03:08Z
yGLEpVbJm40,6,1463322,35471,8436,0,News & Politics,2024-10-21T13:01:10Z
lKwo4S2VA3c,6,45184,252,6,0,News & Politics,2024-10-21T13:01:47Z
T0sPOtCwXio,6,1333,315,15,0,Gaming,2024-10-21T12:55:26Z
6iG4Zp8HLOA,6,232129,4480,0,0,News & Politics,2024-10-21T12:52:07Z
E-TA8hJIUk8,6,10560,322,22,0,Sports,2024-10-21T12:40:42Z
gE4eK3He-7w,6,146011,3574,0,0,News & Politics,2024-10-21T20:09:19Z
qWDt3sCTGFg,6,52831,2885,89,0,Entertainment,2024-10-21T12:30:46Z
zZsgnPmP6lg,6,37102,3773,20,0,Gaming,2024-10-21T12:16:34Z
PYJ4do-OZAQ,6,155562,2225,206,0,Entertainment,2024-10-21T22:35:01Z
_AlZYvis4uE,6,312473,2267,131,0,Entertainment,2024-10-21T22:21:01Z
Nks9y_kpofE,6,24383,362,2,0,Gaming,2024-10-21T12:08:52Z
sMY2RlXdreo,6,35858,5300,176,0,Music,2024-10-21T12:01:12Z
u5us4Y5Q4AY,6,4623,905,13,0,Nonprofits & Activism,2024-10-21T12:01:11Z
jX9vfyAyELE,6,949,9,2,0,Entertainment,2024-10-21T12:00:06Z
IXq9Ex6qLxY,6,22749,1121,101,0,People & Blogs,2024-10-21T11:53:17Z
00-9NCfhVF8,6,12855,1666,30,0,Music,2024-10-21T11:50:09Z
mb5ldcr1jbA,7,283305,1354,2,0,News & Politics,2024-10-21T19:10:34Z
rtLGwJF9Jxc,7,99441,584,0,0,Film & Animation,2024-10-21T18:45:33Z
HAOgdVdSSkA,7,660112,0,6,0,News & Politics,2024-10-21T18:41:24Z
WWeOBvAvwrY,7,78713,8420,1508,0,News & Politics,2024-10-21T18:31:26Z
WunqF6zQnbI,7,66117,2066,65,0,News & Politics,2024-10-21T18:10:08Z
rm4qj0SJKKE,7,67271,1896,245,0,News & Politics,2024-10-21T20:26:07Z
uDvNq7vtGnM,7,6039,207,52,0,Entertainment,2024-10-21T17:38:38Z
p8SIBaDl9PE,7,73418,923,0,0,News & Politics,2024-10-21T17:37:58Z
q_V96gv_IDA,7,113771,1368,0,0,News & Politics,2024-10-21T17:34:17Z
TS6wQl2Gq_Y,7,12291,518,3,0,Gaming,2024-10-21T17:24:21Z
CQMZndfGRWI,7,48497,4885,261,0,People & Blogs,2024-10-21T20:12:23Z
qX6MAp5qQrU,7,123910,7168,128,0,News & Politics,2024-10-21T16:56:12Z
tcAExHTclc4,7,9473,75,0,0,Sports,2024-10-21T16:22:16Z
95RPXz_h2Fw,7,16622,3263,306,0,People & Blogs,2024-10-21T16:13:57Z
6kKE4Rurmmk,7,8678,764,115,0,Comedy,2024-10-21T16:11:11Z
YRyo5vL6XsI,7,41201,5696,92,0,Entertainment,2024-10-21T16:07:27Z
Y8hZ5i0TGIs,7,153253,1213,178,0,News & Politics,2024-10-21T15:52:42Z
JrD7QKy8PUI,7,445,23,1,0,Education,2024-10-21T15:51:16Z
f7v8WJgChU8,7,471,12,0,0,Sports,2024-10-21T15:30:18Z
zToiY455lhQ,7,1059452,171602,2834,0,People & Blogs,2024-10-21T15:06:25Z
uDVNRYxIMRE,7,78635,370,0,0,Film & Animation,2024-10-21T15:00:59Z
Yfcs9OPrQz8,7,172974,862,0,0,News & Politics,2024-10-21T15:01:13Z
-n0waD4qzI4,7,21045,456,7,0,Entertainment,2024-10-21T15:00:06Z
qfih0r0sq0c,7,28330,1086,9,0,Gaming,2024-10-21T14:44:32Z
NUzGaZkGTu4,7,82952,398,0,0,Film & Animation,2024-10-21T14:45:49Z
I1cPbwuMc3U,7,243602,637,2,0,News & Politics,2024-10-21T14:29:42Z
3s6uanj_5DY,7,10182,716,76,0,Comedy,2024-10-21T14:26:44Z
XzW21Dj6PIQ,7,3090,263,4,0,Sports,2024-10-21T14:15:02Z
bD-R-2DPzuc,7,647294,15295,223,0,News & Politics,2024-10-21T14:05:31Z
f-Dvm17aVxk,7,14262,408,53,0,Sports,2024-10-21T14:00:42Z
RzQpDaa2044,7,2204106,31336,35,0,Sports,2024-10-21T13:32:11Z
Gs1r0uzedBw,7,2032,258,3,0,Education,2024-10-21T13:31:20Z
F4oaCRpuCtU,7,53827,404,60,0,News & Politics,2024-10-21T13:28:10Z
ng_xV81XhHM,7,6509,38,56,0,News & Politics,2024-10-21T13:03:08Z
yGLEpVbJm40,7,1540498,36205,8555,0,News & Politics,2024-10-21T13:01:10Z
lKwo4S2VA3c,7,45477,253,7,0,News & Politics,2024-10-21T13:01:47Z
T0sPOtCwXio,7,1370,322,15,0,Gaming,2024-10-21T12:55:26Z
6iG4Zp8HLOA,7,232668,4478,0,0,News & Politics,2024-10-21T12:52:07Z
E-TA8hJIUk8,7,10626,323,23,0,Sports,2024-10-21T12:40:42Z
gE4eK3He-7w,7,147201,3595,0,0,News & Politics,2024-10-21T20:09:19Z
qWDt3sCTGFg,7,54054,2931,93,0,Entertainment,2024-10-21T12:30:46Z
zZsgnPmP6lg,7,37187,3782,20,0,Gaming,2024-10-21T12:16:34Z
PYJ4do-OZAQ,7,159665,2276,313,0,Entertainment,2024-10-21T22:35:01Z
_AlZYvis4uE,7,316558,2294,150,0,Entertainment,2024-10-21T22:21:01Z
Nks9y_kpofE,7,24414,363,2,0,Gaming,2024-10-21T12:08:52Z
sMY2RlXdreo,7,36886,5410,178,0,Music,2024-10-21T12:01:12Z
u5us4Y5Q4AY,7,4930,948,13,0,Nonprofits & Activism,2024-10-21T12:01:11Z
jX9vfyAyELE,7,1053,9,2,0,Entertainment,2024-10-21T12:00:06Z
IXq9Ex6qLxY,7,22889,1122,101,0,People & Blogs,2024-10-21T11:53:17Z
00-9NCfhVF8,7,12966,1670,30,0,Music,2024-10-21T11:50:09Z
mb5ldcr1jbA,8,290208,1373,2,0,News & Politics,2024-10-21T19:10:34Z
rtLGwJF9Jxc,8,99826,586,0,0,Film & Animation,2024-10-21T18:45:33Z
HAOgdVdSSkA,8,665695,0,6,0,News & Politics,2024-10-21T18:41:24Z
WWeOBvAvwrY,8,80120,8523,1537,0,News & Politics,2024-10-21T18:31:26Z
WunqF6zQnbI,8,67464,2091,64,0,News & Politics,2024-10-21T18:10:08Z
rm4qj0SJKKE,8,69320,1940,256,0,News & Politics,2024-10-21T20:26:07Z
uDvNq7vtGnM,8,6204,208,58,0,Entertainment,2024-10-21T17:38:38Z
p8SIBaDl9PE,8,74212,928,0,0,News & Politics,2024-10-21T17:37:58Z
q_V96gv_IDA,8,114431,1370,0,0,News & Politics,2024-10-21T17:34:17Z
TS6wQl2Gq_Y,8,12388,518,3,0,Gaming,2024-10-21T17:24:21Z
CQMZndfGRWI,8,50543,5014,274,0,People & Blogs,2024-10-21T20:12:23Z
qX6MAp5qQrU,8,124517,7182,130,0,News & Politics,2024-10-21T16:56:12Z
tcAExHTclc4,8,9485,75,0,0,Sports,2024-10-21T16:22:16Z
95RPXz_h2Fw,8,17474,3361,334,0,People & Blogs,2024-10-21T16:13:57Z
6kKE4Rurmmk,8,8817,770,117,0,Comedy,2024-10-21T16:11:11Z
YRyo5vL6XsI,8,41511,5717,92,0,Entertainment,2024-10-21T16:07:27Z
Y8hZ5i0TGIs,8,154557,1227,186,0,News & Politics,2024-10-21T15:52:42Z
JrD7QKy8PUI,8,461,25,1,0,Education,2024-10-21T15:51:16Z
f7v8WJgChU8,8,471,12,0,0,Sports,2024-10-21T15:30:18Z
zToiY455lhQ,8,1229213,182983,2901,0,People & Blogs,2024-10-21T15:06:25Z
uDVNRYxIMRE,8,79319,373,0,0,Film & Animation,2024-10-21T15:00:59Z
Yfcs9OPrQz8,8,182684,904,0,0,News & Politics,2024-10-21T15:01:13Z
-n0waD4qzI4,8,22198,489,8,0,Entertainment,2024-10-21T15:00:06Z
qfih0r0sq0c,8,28463,1089,10,0,Gaming,2024-10-21T14:44:32Z
NUzGaZkGTu4,8,83172,399,0,0,Film & Animation,2024-10-21T14:45:49Z
I1cPbwuMc3U,8,244215,640,2,0,News & Politics,2024-10-21T14:29:42Z
3s6uanj_5DY,8,10258,723,77,0,Comedy,2024-10-21T14:26:44Z
XzW21Dj6PIQ,8,3204,263,5,0,Sports,2024-10-21T14:15:02Z
bD-R-2DPzuc,8,668605,15454,224,0,News & Politics,2024-10-21T14:05:31Z
f-Dvm17aVxk,8,14901,414,55,0,Sports,2024-10-21T14:00:42Z
RzQpDaa2044,8,2204718,31335,35,0,Sports,2024-10-21T13:32:11Z
Gs1r0uzedBw,8,2125,266,3,0,Education,2024-10-21T13:31:20Z
F4oaCRpuCtU,8,56489,413,62,0,News & Politics,2024-10-21T13:28:10Z
ng_xV81XhHM,8,6526,38,56,0,News & Politics,2024-10-21T13:03:08Z
yGLEpVbJm40,8,1605227,36789,8658,0,News & Politics,2024-10-21T13:01:10Z
lKwo4S2VA3c,8,45743,256,7,0,News & Politics,2024-10-21T13:01:47Z
T0sPOtCwXio,8,1428,329,15,0,Gaming,2024-10-21T12:55:26Z
6iG4Zp8HLOA,8,233232,4491,0,0,News & Politics,2024-10-21T12:52:07Z
E-TA8hJIUk8,8,10683,323,23,0,Sports,2024-10-21T12:40:42Z
gE4eK3He-7w,8,148320,3587,0,0,News & Politics,2024-10-21T20:09:19Z
qWDt3sCTGFg,8,55374,2988,95,0,Entertainment,2024-10-21T12:30:46Z
zZsgnPmP6lg,8,37313,3785,21,0,Gaming,2024-10-21T12:16:34Z
PYJ4do-OZAQ,8,163578,2311,385,0,Entertainment,2024-10-21T22:35:01Z
_AlZYvis4uE,8,320305,2313,160,0,Entertainment,2024-10-21T22:21:01Z
Nks9y_kpofE,8,24452,363,2,0,Gaming,2024-10-21T12:08:52Z
sMY2RlXdreo,8,37965,5538,177,0,Music,2024-10-21T12:01:12Z
u5us4Y5Q4AY,8,5312,994,13,0,Nonprofits & Activism,2024-10-21T12:01:11Z
jX9vfyAyELE,8,1202,9,2,0,Entertainment,2024-10-21T12:00:06Z
IXq9Ex6qLxY,8,23003,1126,101,0,People & Blogs,2024-10-21T11:53:17Z
00-9NCfhVF8,8,13086,1672,30,0,Music,2024-10-21T11:50:09Z
mb5ldcr1jbA,9,296018,1392,2,0,News & Politics,2024-10-21T19:10:34Z
rtLGwJF9Jxc,9,100138,588,0,0,Film & Animation,2024-10-21T18:45:33Z
HAOgdVdSSkA,9,669227,0,6,0,News & Politics,2024-10-21T18:41:24Z
WWeOBvAvwrY,9,81273,8683,1581,0,News & Politics,2024-10-21T18:31:26Z
WunqF6zQnbI,9,68387,2098,64,0,News & Politics,2024-10-21T18:10:08Z
rm4qj0SJKKE,9,71140,1993,268,0,News & Politics,2024-10-21T20:26:07Z
uDvNq7vtGnM,9,6327,208,59,0,Entertainment,2024-10-21T17:38:38Z
p8SIBaDl9PE,9,74648,932,0,0,News & Politics,2024-10-21T17:37:58Z
q_V96gv_IDA,9,114951,1376,0,0,News & Politics,2024-10-21T17:34:17Z
TS6wQl2Gq_Y,9,12453,520,3,0,Gaming,2024-10-21T17:24:21Z
CQMZndfGRWI,9,52036,5092,279,0,People & Blogs,2024-10-21T20:12:23Z
qX6MAp5qQrU,9,124918,7188,131,0,News & Politics,2024-10-21T16:56:12Z
tcAExHTclc4,9,9499,75,0,0,Sports,2024-10-21T16:22:16Z
95RPXz_h2Fw,9,18196,3430,346,0,People & Blogs,2024-10-21T16:13:57Z
6kKE4Rurmmk,9,8929,774,120,0,Comedy,2024-10-21T16:11:11Z
YRyo5vL6XsI,9,41754,5742,92,0,Entertainment,2024-10-21T16:07:27Z
Y8hZ5i0TGIs,9,155848,1243,198,0,News & Politics,2024-10-21T15:52:42Z
JrD7QKy8PUI,9,461,25,1,0,Education,2024-10-21T15:51:16Z
f7v8WJgChU8,9,471,12,0,0,Sports,2024-10-21T15:30:18Z
zToiY455lhQ,9,1426408,194618,2962,0,People & Blogs,2024-10-21T15:06:25Z
uDVNRYxIMRE,9,79868,376,0,0,Film & Animation,2024-10-21T15:00:59Z
Yfcs9OPrQz8,9,192496,954,0,0,News & Politics,2024-10-21T15:01:13Z
-n0waD4qzI4,9,23484,522,10,0,Entertainment,2024-10-21T15:00:06Z
qfih0r0sq0c,9,28587,1093,10,0,Gaming,2024-10-21T14:44:32Z
NUzGaZkGTu4,9,83399,400,0,0,Film & Animation,2024-10-21T14:45:49Z
I1cPbwuMc3U,9,244983,642,2,0,News & Politics,2024-10-21T14:29:42Z
3s6uanj_5DY,9,10326,725,77,0,Comedy,2024-10-21T14:26:44Z
XzW21Dj6PIQ,9,3280,269,5,0,Sports,2024-10-21T14:15:02Z
bD-R-2DPzuc,9,688326,15600,226,0,News & Politics,2024-10-21T14:05:31Z
f-Dvm17aVxk,9,15348,424,56,0,Sports,2024-10-21T14:00:42Z
RzQpDaa2044,9,2205246,31340,35,0,Sports,2024-10-21T13:32:11Z
Gs1r0uzedBw,9,2230,275,3,0,Education,2024-10-21T13:31:20Z
F4oaCRpuCtU,9,58633,429,67,0,News & Politics,2024-10-21T13:28:10Z
ng_xV81XhHM,9,6526,38,56,0,News & Politics,2024-10-21T13:03:08Z
yGLEpVbJm40,9,1654442,37254,8745,0,News & Politics,2024-10-21T13:01:10Z
lKwo4S2VA3c,9,46000,256,7,0,News & Politics,2024-10-21T13:01:47Z
T0sPOtCwXio,9,1467,337,16,0,Gaming,2024-10-21T12:55:26Z
6iG4Zp8HLOA,9,233667,4491,0,0,News & Politics,2024-10-21T12:52:07Z
E-TA8hJIUk8,9,10741,327,23,0,Sports,2024-10-21T12:40:42Z
gE4eK3He-7w,9,149255,3585,0,0,News & Politics,2024-10-21T20:09:19Z
qWDt3sCTGFg,9,56490,3040,96,0,Entertainment,2024-10-21T12:30:46Z
zZsgnPmP6lg,9,37425,3791,21,0,Gaming,2024-10-21T12:16:34Z
PYJ4do-OZAQ,9,166565,2344,453,0,Entertainment,2024-10-21T22:35:01Z
_AlZYvis4uE,9,323296,2332,170,0,Entertainment,2024-10-21T22:21:01Z
Nks9y_kpofE,9,24466,364,2,0,Gaming,2024-10-21T12:08:52Z
sMY2RlXdreo,9,39071,5645,178,0,Music,2024-10-21T12:01:12Z
u5us4Y5Q4AY,9,5582,1024,13,0,Nonprofits & Activism,2024-10-21T12:01:11Z
jX9vfyAyELE,9,1336,9,2,0,Entertainment,2024-10-21T12:00:06Z
IXq9Ex6qLxY,9,23096,1128,101,0,People & Blogs,2024-10-21T11:53:17Z
00-9NCfhVF8,9,13190,1676,30,0,Music,2024-10-21T11:50:09Z
mb5ldcr1jbA,10,301444,1403,2,0,News & Politics,2024-10-21T19:10:34Z
rtLGwJF9Jxc,10,100433,589,0,0,Film & Animation,2024-10-21T18:45:33Z
HAOgdVdSSkA,10,671832,0,6,0,News & Politics,2024-10-21T18:41:24Z
WWeOBvAvwrY,10,82521,8868,1618,0,News & Politics,2024-10-21T18:31:26Z
WunqF6zQnbI,10,68992,2107,66,0,News & Politics,2024-10-21T18:10:08Z
rm4qj0SJKKE,10,72969,2033,287,0,News & Politics,2024-10-21T20:26:07Z
uDvNq7vtGnM,10,6405,208,59,0,Entertainment,2024-10-21T17:38:38Z
p8SIBaDl9PE,10,74917,935,0,0,News & Politics,2024-10-21T17:37:58Z
q_V96gv_IDA,10,115590,1383,0,0,News & Politics,2024-10-21T17:34:17Z
TS6wQl2Gq_Y,10,12563,520,3,0,Gaming,2024-10-21T17:24:21Z
CQMZndfGRWI,10,53341,5148,284,0,People & Blogs,2024-10-21T20:12:23Z
qX6MAp5qQrU,10,125200,7190,134,0,News & Politics,2024-10-21T16:56:12Z
tcAExHTclc4,10,9516,75,0,0,Sports,2024-10-21T16:22:16Z
95RPXz_h2Fw,10,18940,3493,359,0,People & Blogs,2024-10-21T16:13:57Z
6kKE4Rurmmk,10,9012,780,121,0,Comedy,2024-10-21T16:11:11Z
YRyo5vL6XsI,10,42014,5760,92,0,Entertainment,2024-10-21T16:07:27Z
Y8hZ5i0TGIs,10,157139,1260,205,0,News & Politics,2024-10-21T15:52:42Z
JrD7QKy8PUI,10,461,25,1,0,Education,2024-10-21T15:51:16Z
f7v8WJgChU8,10,484,12,0,0,Sports,2024-10-21T15:30:18Z
zToiY455lhQ,10,1624927,206438,3020,0,People & Blogs,2024-10-21T15:06:25Z
uDVNRYxIMRE,10,80375,376,0,0,Film & Animation,2024-10-21T15:00:59Z
Yfcs9OPrQz8,10,199999,1008,0,0,News & Politics,2024-10-21T15:01:13Z
-n0waD4qzI4,10,24831,542,10,0,Entertainment,2024-10-21T15:00:06Z
qfih0r0sq0c,10,28716,1095,10,0,Gaming,2024-10-21T14:44:32Z
NUzGaZkGTu4,10,83607,400,0,0,Film & Animation,2024-10-21T14:45:49Z
I1cPbwuMc3U,10,245823,646,2,0,News & Politics,2024-10-21T14:29:42Z
3s6uanj_5DY,10,10364,726,77,0,Comedy,2024-10-21T14:26:44Z
XzW21Dj6PIQ,10,3369,273,5,0,Sports,2024-10-21T14:15:02Z
bD-R-2DPzuc,10,703759,15704,228,0,News & Politics,2024-10-21T14:05:31Z
f-Dvm17aVxk,10,15644,428,56,0,Sports,2024-10-21T14:00:42Z
RzQpDaa2044,10,2205962,31347,35,0,Sports,2024-10-21T13:32:11Z
Gs1r0uzedBw,10,2326,282,3,0,Education,2024-10-21T13:31:20Z
F4oaCRpuCtU,10,60359,443,67,0,News & Politics,2024-10-21T13:28:10Z
ng_xV81XhHM,10,6526,38,56,0,News & Politics,2024-10-21T13:03:08Z
yGLEpVbJm40,10,1693000,37574,8823,0,News & Politics,2024-10-21T13:01:10Z
lKwo4S2VA3c,10,46217,257,7,0,News & Politics,2024-10-21T13:01:47Z
T0sPOtCwXio,10,1509,346,16,0,Gaming,2024-10-21T12:55:26Z
6iG4Zp8HLOA,10,234170,4501,0,0,News & Politics,2024-10-21T12:52:07Z
E-TA8hJIUk8,10,10815,333,23,0,Sports,2024-10-21T12:40:42Z
gE4eK3He-7w,10,150205,3605,0,0,News & Politics,2024-10-21T20:09:19Z
qWDt3sCTGFg,10,57803,3078,98,0,Entertainment,2024-10-21T12:30:46Z
zZsgnPmP6lg,10,37521,3795,21,0,Gaming,2024-10-21T12:16:34Z
PYJ4do-OZAQ,10,169019,2376,497,0,Entertainment,2024-10-21T22:35:01Z
_AlZYvis4uE,10,325691,2343,184,0,Entertainment,2024-10-21T22:21:01Z
Nks9y_kpofE,10,24500,364,2,0,Gaming,2024-10-21T12:08:52Z
sMY2RlXdreo,10,40385,5723,179,0,Music,2024-10-21T12:01:12Z
u5us4Y5Q4AY,10,5804,1040,16,0,Nonprofits & Activism,2024-10-21T12:01:11Z
jX9vfyAyELE,10,1445,9,2,0,Entertainment,2024-10-21T12:00:06Z
IXq9Ex6qLxY,10,23196,1131,101,0,People & Blogs,2024-10-21T11:53:17Z
00-9NCfhVF8,10,13318,1679,30,0,Music,2024-10-21T11:50:09Z
mb5ldcr1jbA,11,305825,1410,2,0,News & Politics,2024-10-21T19:10:34Z
rtLGwJF9Jxc,11,100783,589,0,0,Film & Animation,2024-10-21T18:45:33Z
HAOgdVdSSkA,11,674181,0,7,0,News & Politics,2024-10-21T18:41:24Z
WWeOBvAvwrY,11,84174,9061,1653,0,News & Politics,2024-10-21T18:31:26Z
WunqF6zQnbI,11,69376,2113,66,0,News & Politics,2024-10-21T18:10:08Z
rm4qj0SJKKE,11,74798,2057,298,0,News & Politics,2024-10-21T20:26:07Z
uDvNq7vtGnM,11,6479,208,59,0,Entertainment,2024-10-21T17:38:38Z
p8SIBaDl9PE,11,75080,936,0,0,News & Politics,2024-10-21T17:37:58Z
q_V96gv_IDA,11,116313,1390,0,0,News & Politics,2024-10-21T17:34:17Z
TS6wQl2Gq_Y,11,12611,521,3,0,Gaming,2024-10-21T17:24:21Z
CQMZndfGRWI,11,54184,5181,284,0,People & Blogs,2024-10-21T20:12:23Z
qX6MAp5qQrU,11,125394,7193,134,0,News & Politics,2024-10-21T16:56:12Z
tcAExHTclc4,11,9546,75,0,0,Sports,2024-10-21T16:22:16Z
95RPXz_h2Fw,11,19637,3563,379,0,People & Blogs,2024-10-21T16:13:57Z
6kKE4Rurmmk,11,9109,785,130,0,Comedy,2024-10-21T16:11:11Z
YRyo5vL6XsI,11,42226,5775,92,0,Entertainment,2024-10-21T16:07:27Z
Y8hZ5i0TGIs,11,158303,1279,216,0,News & Politics,2024-10-21T15:52:42Z
JrD7QKy8PUI,11,461,25,1,0,Education,2024-10-21T15:51:16Z
f7v8WJgChU8,11,489,12,0,0,Sports,2024-10-21T15:30:18Z
zToiY455lhQ,11,1838251,216596,3068,0,People & Blogs,2024-10-21T15:06:25Z
uDVNRYxIMRE,11,80891,380,0,0,Film & Animation,2024-10-21T15:00:59Z
Yfcs9OPrQz8,11,207985,1046,0,0,News & Politics,2024-10-21T15:01:13Z
-n0waD4qzI4,11,26015,570,11,0,Entertainment,2024-10-21T15:00:06Z
qfih0r0sq0c,11,28816,1095,10,0,Gaming,2024-10-21T14:44:32Z
NUzGaZkGTu4,11,83782,401,0,0,Film & Animation,2024-10-21T14:45:49Z
I1cPbwuMc3U,11,246579,647,2,0,News & Politics,2024-10-21T14:29:42Z
3s6uanj_5DY,11,10429,728,77,0,Comedy,2024-10-21T14:26:44Z
XzW21Dj6PIQ,11,3439,278,5,0,Sports,2024-10-21T14:15:02Z
bD-R-2DPzuc,11,715954,15793,230,0,News & Politics,2024-10-21T14:05:31Z
f-Dvm17aVxk,11,15883,431,56,0,Sports,2024-10-21T14:00:42Z
RzQpDaa2044,11,2206677,31351,35,0,Sports,2024-10-21T13:32:11Z
Gs1r0uzedBw,11,2410,288,3,0,Education,2024-10-21T13:31:20Z
F4oaCRpuCtU,11,62576,455,69,0,News & Politics,2024-10-21T13:28:10Z
ng_xV81XhHM,11,6554,38,56,0,News & Politics,2024-10-21T13:03:08Z
yGLEpVbJm40,11,1721313,37786,8864,0,News & Politics,2024-10-21T13:01:10Z
lKwo4S2VA3c,11,46413,257,7,0,News & Politics,2024-10-21T13:01:47Z
T0sPOtCwXio,11,1549,356,16,0,Gaming,2024-10-21T12:55:26Z
6iG4Zp8HLOA,11,234794,4508,0,0,News & Politics,2024-10-21T12:52:07Z
E-TA8hJIUk8,11,10978,337,24,0,Sports,2024-10-21T12:40:42Z
gE4eK3He-7w,11,151405,3630,0,0,News & Politics,2024-10-21T20:09:19Z
qWDt3sCTGFg,11,58747,3113,100,0,Entertainment,2024-10-21T12:30:46Z
zZsgnPmP6lg,11,37618,3802,21,0,Gaming,2024-10-21T12:16:34Z
PYJ4do-OZAQ,11,171012,2397,522,0,Entertainment,2024-10-21T22:35:01Z
_AlZYvis4uE,11,327572,2351,189,0,Entertainment,2024-10-21T22:21:01Z
Nks9y_kpofE,11,24500,364,2,0,Gaming,2024-10-21T12:08:52Z
sMY2RlXdreo,11,41537,5786,182,0,Music,2024-10-21T12:01:12Z
u5us4Y5Q4AY,11,5946,1051,16,0,Nonprofits & Activism,2024-10-21T12:01:11Z
jX9vfyAyELE,11,1569,10,2,0,Entertainment,2024-10-21T12:00:06Z
IXq9Ex6qLxY,11,23307,1132,101,0,People & Blogs,2024-10-21T11:53:17Z
00-9NCfhVF8,11,13411,1683,30,0,Music,2024-10-21T11:50:09Z
mb5ldcr1jbA,12,309264,1416,2,0,News & Politics,2024-10-21T19:10:34Z
rtLGwJF9Jxc,12,101082,589,0,0,Film & Animation,2024-10-21T18:45:33Z
HAOgdVdSSkA,12,676228,0,7,0,News & Politics,2024-10-21T18:41:24Z
WWeOBvAvwrY,12,85739,9314,1688,0,News & Politics,2024-10-21T18:31:26Z
WunqF6zQnbI,12,69615,2119,66,0,News & Politics,2024-10-21T18:10:08Z
rm4qj0SJKKE,12,76386,2094,313,0,News & Politics,2024-10-21T20:26:07Z
uDvNq7vtGnM,12,6531,208,59,0,Entertainment,2024-10-21T17:38:38Z
p8SIBaDl9PE,12,75236,936,0,0,News & Politics,2024-10-21T17:37:58Z
q_V96gv_IDA,12,117282,1394,0,0,News & Politics,2024-10-21T17:34:17Z
TS6wQl2Gq_Y,12,12660,523,3,0,Gaming,2024-10-21T17:24:21Z
CQMZndfGRWI,12,54639,5205,287,0,People & Blogs,2024-10-21T20:12:23Z
qX6MAp5qQrU,12,125550,7196,135,0,News & Politics,2024-10-21T16:56:12Z
tcAExHTclc4,12,9570,75,0,0,Sports,2024-10-21T16:22:16Z
95RPXz_h2Fw,12,20219,3610,386,0,People & Blogs,2024-10-21T16:13:57Z
6kKE4Rurmmk,12,9187,784,133,0,Comedy,2024-10-21T16:11:11Z
YRyo5vL6XsI,12,42412,5786,92,0,Entertainment,2024-10-21T16:07:27Z
Y8hZ5i0TGIs,12,159513,1301,228,0,News & Politics,2024-10-21T15:52:42Z
JrD7QKy8PUI,12,520,26,1,0,Education,2024-10-21T15:51:16Z
f7v8WJgChU8,12,490,12,0,0,Sports,2024-10-21T15:30:18Z
zToiY455lhQ,12,2040309,226597,3110,0,People & Blogs,2024-10-21T15:06:25Z
uDVNRYxIMRE,12,81557,382,0,0,Film & Animation,2024-10-21T15:00:59Z
-n0waD4qzI4,12,27109,607,11,0,Entertainment,2024-10-21T15:00:06Z
qfih0r0sq0c,12,28889,1097,10,0,Gaming,2024-10-21T14:44:32Z
NUzGaZkGTu4,12,83947,401,0,0,Film & Animation,2024-10-21T14:45:49Z
I1cPbwuMc3U,12,247192,650,2,0,News & Politics,2024-10-21T14:29:42Z
3s6uanj_5DY,12,10478,729,77,0,Comedy,2024-10-21T14:26:44Z
XzW21Dj6PIQ,12,3506,283,5,0,Sports,2024-10-21T14:15:02Z
bD-R-2DPzuc,12,725964,15875,232,0,News & Politics,2024-10-21T14:05:31Z
f-Dvm17aVxk,12,16019,434,56,0,Sports,2024-10-21T14:00:42Z
RzQpDaa2044,12,2207439,31352,36,0,Sports,2024-10-21T13:32:11Z
Gs1r0uzedBw,12,2487,298,3,0,Education,2024-10-21T13:31:20Z
F4oaCRpuCtU,12,64401,473,73,0,News & Politics,2024-10-21T13:28:10Z
ng_xV81XhHM,12,6555,38,56,0,News & Politics,2024-10-21T13:03:08Z
yGLEpVbJm40,12,1736134,37946,8910,0,News & Politics,2024-10-21T13:01:10Z
lKwo4S2VA3c,12,46514,258,7,0,News & Politics,2024-10-21T13:01:47Z
T0sPOtCwXio,12,1589,367,17,0,Gaming,2024-10-21T12:55:26Z
6iG4Zp8HLOA,12,235470,4506,0,0,News & Politics,2024-10-21T12:52:07Z
E-TA8hJIUk8,12,11265,346,24,0,Sports,2024-10-21T12:40:42Z
gE4eK3He-7w,12,153099,3663,0,0,News & Politics,2024-10-21T20:09:19Z
qWDt3sCTGFg,12,59635,3157,100,0,Entertainment,2024-10-21T12:30:46Z
zZsgnPmP6lg,12,37706,3804,21,0,Gaming,2024-10-21T12:16:34Z
PYJ4do-OZAQ,12,172662,2412,553,0,Entertainment,2024-10-21T22:35:01Z
_AlZYvis4uE,12,329009,2360,195,0,Entertainment,2024-10-21T22:21:01Z
Nks9y_kpofE,12,24500,364,2,0,Gaming,2024-10-21T12:08:52Z
sMY2RlXdreo,12,42379,5896,183,0,Music,2024-10-21T12:01:12Z
u5us4Y5Q4AY,12,6054,1061,16,0,Nonprofits & Activism,2024-10-21T12:01:11Z
jX9vfyAyELE,12,1677,10,2,0,Entertainment,2024-10-21T12:00:06Z
IXq9Ex6qLxY,12,23406,1133,101,0,People & Blogs,2024-10-21T11:53:17Z
00-9NCfhVF8,12,13500,1689,30,0,Music,2024-10-21T11:50:09Z
mb5ldcr1jbA,13,312323,1422,4,0,News & Politics,2024-10-21T19:10:34Z
rtLGwJF9Jxc,13,101461,590,0,0,Film & Animation,2024-10-21T18:45:33Z
HAOgdVdSSkA,13,678405,0,7,0,News & Politics,2024-10-21T18:41:24Z
WWeOBvAvwrY,13,88102,9540,1743,0,News & Politics,2024-10-21T18:31:26Z
WunqF6zQnbI,13,69818,2125,68,0,News & Politics,2024-10-21T18:10:08Z
rm4qj0SJKKE,13,77972,2107,303,0,News & Politics,2024-10-21T20:26:07Z
uDvNq7vtGnM,13,6562,209,59,0,Entertainment,2024-10-21T17:38:38Z
p8SIBaDl9PE,13,75381,937,0,0,News & Politics,2024-10-21T17:37:58Z
q_V96gv_IDA,13,118440,1401,0,0,News & Politics,2024-10-21T17:34:17Z
TS6wQl2Gq_Y,13,12703,524,3,0,Gaming,2024-10-21T17:24:21Z
CQMZndfGRWI,13,54987,5239,294,0,People & Blogs,2024-10-21T20:12:23Z
qX6MAp5qQrU,13,125654,7197,135,0,News & Politics,2024-10-21T16:56:12Z
tcAExHTclc4,13,9618,76,0,0,Sports,2024-10-21T16:22:16Z
95RPXz_h2Fw,13,20788,3644,393,0,People & Blogs,2024-10-21T16:13:57Z
6kKE4Rurmmk,13,9262,787,134,0,Comedy,2024-10-21T16:11:11Z
YRyo5vL6XsI,13,42589,5793,94,0,Entertainment,2024-10-21T16:07:27Z
Y8hZ5i0TGIs,13,160943,1318,235,0,News & Politics,2024-10-21T15:52:42Z
JrD7QKy8PUI,13,520,26,1,0,Education,2024-10-21T15:51:16Z
f7v8WJgChU8,13,490,12,0,0,Sports,2024-10-21T15:30:18Z
zToiY455lhQ,13,2235190,236430,3159,0,People & Blogs,2024-10-21T15:06:25Z
uDVNRYxIMRE,13,82414,384,0,0,Film & Animation,2024-10-21T15:00:59Z
-n0waD4qzI4,13,28229,628,14,0,Entertainment,2024-10-21T15:00:06Z
qfih0r0sq0c,13,28966,1099,10,0,Gaming,2024-10-21T14:44:32Z
NUzGaZkGTu4,13,84128,401,0,0,Film & Animation,2024-10-21T14:45:49Z
I1cPbwuMc3U,13,247825,651,3,0,News & Politics,2024-10-21T14:29:42Z
3s6uanj_5DY,13,10516,731,77,0,Comedy,2024-10-21T14:26:44Z
XzW21Dj6PIQ,13,3567,285,5,0,Sports,2024-10-21T14:15:02Z
bD-R-2DPzuc,13,734841,15935,233,0,News & Politics,2024-10-21T14:05:31Z
f-Dvm17aVxk,13,16133,435,56,0,Sports,2024-10-21T14:00:42Z
RzQpDaa2044,13,2208265,31353,36,0,Sports,2024-10-21T13:32:11Z
Gs1r0uzedBw,13,2572,302,3,0,Education,2024-10-21T13:31:20Z
F4oaCRpuCtU,13,65879,484,74,0,News & Politics,2024-10-21T13:28:10Z
ng_xV81XhHM,13,6567,38,56,0,News & Politics,2024-10-21T13:03:08Z
yGLEpVbJm40,13,1746628,38092,8937,0,News & Politics,2024-10-21T13:01:10Z
lKwo4S2VA3c,13,46579,258,7,0,News & Politics,2024-10-21T13:01:47Z
T0sPOtCwXio,13,1623,378,17,0,Gaming,2024-10-21T12:55:26Z
6iG4Zp8HLOA,13,236302,4513,0,0,News & Politics,2024-10-21T12:52:07Z
E-TA8hJIUk8,13,11587,352,24,0,Sports,2024-10-21T12:40:42Z
gE4eK3He-7w,13,155123,3681,0,0,News & Politics,2024-10-21T20:09:19Z
qWDt3sCTGFg,13,60618,3211,101,0,Entertainment,2024-10-21T12:30:46Z
zZsgnPmP6lg,13,37779,3807,21,0,Gaming,2024-10-21T12:16:34Z
PYJ4do-OZAQ,13,174044,2430,573,0,Entertainment,2024-10-21T22:35:01Z
_AlZYvis4uE,13,330122,2362,195,0,Entertainment,2024-10-21T22:21:01Z
Nks9y_kpofE,13,24500,364,2,0,Gaming,2024-10-21T12:08:52Z
sMY2RlXdreo,13,43285,6003,184,0,Music,2024-10-21T12:01:12Z
u5us4Y5Q4AY,13,6138,1072,16,0,Nonprofits & Activism,2024-10-21T12:01:11Z
jX9vfyAyELE,13,1780,10,2,0,Entertainment,2024-10-21T12:00:06Z
IXq9Ex6qLxY,13,23505,1133,101,0,People & Blogs,2024-10-21T11:53:17Z
00-9NCfhVF8,13,13624,1691,30,0,Music,2024-10-21T11:50:09Z
mb5ldcr1jbA,14,314550,1427,4,0,News & Politics,2024-10-21T19:10:34Z
rtLGwJF9Jxc,14,101868,591,0,0,Film & Animation,2024-10-21T18:45:33Z
HAOgdVdSSkA,14,680378,0,7,0,News & Politics,2024-10-21T18:41:24Z
WWeOBvAvwrY,14,90714,9735,1783,0,News & Politics,2024-10-21T18:31:26Z
WunqF6zQnbI,14,70000,2129,68,0,News & Politics,2024-10-21T18:10:08Z
rm4qj0SJKKE,14,79432,2116,312,0,News & Politics,2024-10-21T20:26:07Z
uDvNq7vtGnM,14,6598,211,59,0,Entertainment,2024-10-21T17:38:38Z
p8SIBaDl9PE,14,75494,940,0,0,News & Politics,2024-10-21T17:37:58Z
q_V96gv_IDA,14,119517,1405,0,0,News & Politics,2024-10-21T17:34:17Z
TS6wQl2Gq_Y,14,12746,526,3,0,Gaming,2024-10-21T17:24:21Z
CQMZndfGRWI,14,55281,5291,297,0,People & Blogs,2024-10-21T20:12:23Z
qX6MAp5qQrU,14,125733,7201,137,0,News & Politics,2024-10-21T16:56:12Z
tcAExHTclc4,14,9657,77,0,0,Sports,2024-10-21T16:22:16Z
95RPXz_h2Fw,14,21206,3677,396,0,People & Blogs,2024-10-21T16:13:57Z
6kKE4Rurmmk,14,9331,792,134,0,Comedy,2024-10-21T16:11:11Z
YRyo5vL6XsI,14,42714,5810,95,0,Entertainment,2024-10-21T16:07:27Z
Y8hZ5i0TGIs,14,162155,1325,245,0,News & Politics,2024-10-21T15:52:42Z
JrD7QKy8PUI,14,543,26,1,0,Education,2024-10-21T15:51:16Z
f7v8WJgChU8,14,490,12,0,0,Sports,2024-10-21T15:30:18Z
zToiY455lhQ,14,2397946,248071,3220,0,People & Blogs,2024-10-21T15:06:25Z
uDVNRYxIMRE,14,83449,388,0,0,Film & Animation,2024-10-21T15:00:59Z
-n0waD4qzI4,14,29301,656,15,0,Entertainment,2024-10-21T15:00:06Z
qfih0r0sq0c,14,29056,1097,11,0,Gaming,2024-10-21T14:44:32Z
NUzGaZkGTu4,14,84278,402,0,0,Film & Animation,2024-10-21T14:45:49Z
I1cPbwuMc3U,14,248383,652,3,0,News & Politics,2024-10-21T14:29:42Z
3s6uanj_5DY,14,10568,732,77,0,Comedy,2024-10-21T14:26:44Z
XzW21Dj6PIQ,14,3606,291,5,0,Sports,2024-10-21T14:15:02Z
bD-R-2DPzuc,14,741839,15996,234,0,News & Politics,2024-10-21T14:05:31Z
f-Dvm17aVxk,14,16214,437,56,0,Sports,2024-10-21T14:00:42Z
RzQpDaa2044,14,2208991,31354,37,0,Sports,2024-10-21T13:32:11Z
Gs1r0uzedBw,14,2620,306,3,0,Education,2024-10-21T13:31:20Z
F4oaCRpuCtU,14,67598,495,76,0,News & Politics,2024-10-21T13:28:10Z
ng_xV81XhHM,14,6577,38,57,0,News & Politics,2024-10-21T13:03:08Z
yGLEpVbJm40,14,1754103,38270,8962,0,News & Politics,2024-10-21T13:01:10Z
lKwo4S2VA3c,14,46599,260,7,0,News & Politics,2024-10-21T13:01:47Z
T0sPOtCwXio,14,1663,388,17,0,Gaming,2024-10-21T12:55:26Z
6iG4Zp8HLOA,14,237092,4520,0,0,News & Politics,2024-10-21T12:52:07Z
E-TA8hJIUk8,14,11947,356,24,0,Sports,2024-10-21T12:40:42Z
gE4eK3He-7w,14,156940,3691,0,0,News & Politics,2024-10-21T20:09:19Z
qWDt3sCTGFg,14,61629,3266,102,0,Entertainment,2024-10-21T12:30:46Z
zZsgnPmP6lg,14,37853,3813,21,0,Gaming,2024-10-21T12:16:34Z
PYJ4do-OZAQ,14,175839,2444,585,0,Entertainment,2024-10-21T22:35:01Z
_AlZYvis4uE,14,331680,2371,197,0,Entertainment,2024-10-21T22:21:01Z
Nks9y_kpofE,14,24545,364,2,0,Gaming,2024-10-21T12:08:52Z
sMY2RlXdreo,14,44224,6137,185,0,Music,2024-10-21T12:01:12Z
u5us4Y5Q4AY,14,6197,1086,16,0,Nonprofits & Activism,2024-10-21T12:01:11Z
jX9vfyAyELE,14,1829,11,2,0,Entertainment,2024-10-21T12:00:06Z
IXq9Ex6qLxY,14,23589,1133,101,0,People & Blogs,2024-10-21T11:53:17Z
00-9NCfhVF8,14,13747,1693,30,0,Music,2024-10-21T11:50:09Z
mb5ldcr1jbA,15,317154,1434,4,0,News & Politics,2024-10-21T19:10:34Z
rtLGwJF9Jxc,15,102185,593,0,0,Film & Animation,2024-10-21T18:45:33Z
HAOgdVdSSkA,15,682537,0,7,0,News & Politics,2024-10-21T18:41:24Z
WWeOBvAvwrY,15,93526,9897,1814,0,News & Politics,2024-10-21T18:31:26Z
WunqF6zQnbI,15,70176,2134,68,0,News & Politics,2024-10-21T18:10:08Z
rm4qj0SJKKE,15,80600,2142,302,0,News & Politics,2024-10-21T20:26:07Z
uDvNq7vtGnM,15,6628,211,61,0,Entertainment,2024-10-21T17:38:38Z
p8SIBaDl9PE,15,75634,941,0,0,News & Politics,2024-10-21T17:37:58Z
q_V96gv_IDA,15,120575,1408,0,0,News & Politics,2024-10-21T17:34:17Z
TS6wQl2Gq_Y,15,12806,527,3,0,Gaming,2024-10-21T17:24:21Z
CQMZndfGRWI,15,55684,5371,299,0,People & Blogs,2024-10-21T20:12:23Z
qX6MAp5qQrU,15,125821,7205,138,0,News & Politics,2024-10-21T16:56:12Z
tcAExHTclc4,15,9707,77,0,0,Sports,2024-10-21T16:22:16Z
95RPXz_h2Fw,15,21590,3716,411,0,People & Blogs,2024-10-21T16:13:57Z
6kKE4Rurmmk,15,9391,794,134,0,Comedy,2024-10-21T16:11:11Z
YRyo5vL6XsI,15,42913,5828,95,0,Entertainment,2024-10-21T16:07:27Z
Y8hZ5i0TGIs,15,163192,1334,248,0,News & Politics,2024-10-21T15:52:42Z
JrD7QKy8PUI,15,519,26,1,0,Education,2024-10-21T15:51:16Z
f7v8WJgChU8,15,493,12,0,0,Sports,2024-10-21T15:30:18Z
zToiY455lhQ,15,2602884,261060,3290,0,People & Blogs,2024-10-21T15:06:25Z
uDVNRYxIMRE,15,84283,391,0,0,Film & Animation,2024-10-21T15:00:59Z
-n0waD4qzI4,15,30494,670,15,0,Entertainment,2024-10-21T15:00:06Z
qfih0r0sq0c,15,29111,1099,11,0,Gaming,2024-10-21T14:44:32Z
NUzGaZkGTu4,15,84467,403,0,0,Film & Animation,2024-10-21T14:45:49Z
I1cPbwuMc3U,15,249063,653,3,0,News & Politics,2024-10-21T14:29:42Z
3s6uanj_5DY,15,10590,735,78,0,Comedy,2024-10-21T14:26:44Z
XzW21Dj6PIQ,15,3657,295,6,0,Sports,2024-10-21T14:15:02Z
bD-R-2DPzuc,15,750036,16034,235,0,News & Politics,2024-10-21T14:05:31Z
f-Dvm17aVxk,15,16289,437,58,0,Sports,2024-10-21T14:00:42Z
RzQpDaa2044,15,2210055,31359,38,0,Sports,2024-10-21T13:32:11Z
Gs1r0uzedBw,15,2683,312,3,0,Education,2024-10-21T13:31:20Z
F4oaCRpuCtU,15,69366,506,77,0,News & Politics,2024-10-21T13:28:10Z
ng_xV81XhHM,15,6587,38,58,0,News & Politics,2024-10-21T13:03:08Z
yGLEpVbJm40,15,1763176,38470,8997,0,News & Politics,2024-10-21T13:01:10Z
lKwo4S2VA3c,15,46603,260,7,0,News & Politics,2024-10-21T13:01:47Z
T0sPOtCwXio,15,1720,399,17,0,Gaming,2024-10-21T12:55:26Z
6iG4Zp8HLOA,15,237836,4516,0,0,News & Politics,2024-10-21T12:52:07Z
E-TA8hJIUk8,15,12245,363,24,0,Sports,2024-10-21T12:40:42Z
gE4eK3He-7w,15,158450,3681,0,0,News & Politics,2024-10-21T20:09:19Z
qWDt3sCTGFg,15,63040,3327,102,0,Entertainment,2024-10-21T12:30:46Z
zZsgnPmP6lg,15,37969,3815,21,0,Gaming,2024-10-21T12:16:34Z
PYJ4do-OZAQ,15,176649,2462,598,0,Entertainment,2024-10-21T22:35:01Z
_AlZYvis4uE,15,332217,2374,209,0,Entertainment,2024-10-21T22:21:01Z
Nks9y_kpofE,15,24584,363,2,0,Gaming,2024-10-21T12:08:52Z
sMY2RlXdreo,15,45451,6281,186,0,Music,2024-10-21T12:01:12Z
u5us4Y5Q4AY,15,6288,1100,16,0,Nonprofits & Activism,2024-10-21T12:01:11Z
jX9vfyAyELE,15,1829,11,2,0,Entertainment,2024-10-21T12:00:06Z
IXq9Ex6qLxY,15,23668,1134,101,0,People & Blogs,2024-10-21T11:53:17Z
00-9NCfhVF8,15,13872,1693,30,0,Music,2024-10-21T11:50:09Z
mb5ldcr1jbA,16,318754,1441,4,0,News & Politics,2024-10-21T19:10:34Z
rtLGwJF9Jxc,16,102490,594,0,0,Film & Animation,2024-10-21T18:45:33Z
HAOgdVdSSkA,16,683920,0,7,0,News & Politics,2024-10-21T18:41:24Z
WWeOBvAvwrY,16,95435,10033,1839,0,News & Politics,2024-10-21T18:31:26Z
WunqF6zQnbI,16,70392,2143,68,0,News & Politics,2024-10-21T18:10:08Z
rm4qj0SJKKE,16,81585,2161,308,0,News & Politics,2024-10-21T20:26:07Z
uDvNq7vtGnM,16,6673,212,64,0,Entertainment,2024-10-21T17:38:38Z
p8SIBaDl9PE,16,75727,942,0,0,News & Politics,2024-10-21T17:37:58Z
q_V96gv_IDA,16,121270,1413,0,0,News & Politics,2024-10-21T17:34:17Z
TS6wQl2Gq_Y,16,12863,529,3,0,Gaming,2024-10-21T17:24:21Z
CQMZndfGRWI,16,56294,5457,312,0,People & Blogs,2024-10-21T20:12:23Z
qX6MAp5qQrU,16,125912,7208,151,0,News & Politics,2024-10-21T16:56:12Z
tcAExHTclc4,16,9738,78,0,0,Sports,2024-10-21T16:22:16Z
95RPXz_h2Fw,16,21922,3761,420,0,People & Blogs,2024-10-21T16:13:57Z
6kKE4Rurmmk,16,9442,799,134,0,Comedy,2024-10-21T16:11:11Z
YRyo5vL6XsI,16,43099,5845,96,0,Entertainment,2024-10-21T16:07:27Z
Y8hZ5i0TGIs,16,163830,1345,251,0,News & Politics,2024-10-21T15:52:42Z
JrD7QKy8PUI,16,553,26,1,0,Education,2024-10-21T15:51:16Z
f7v8WJgChU8,16,493,12,0,0,Sports,2024-10-21T15:30:18Z
zToiY455lhQ,16,2785024,274531,3353,0,People & Blogs,2024-10-21T15:06:25Z
uDVNRYxIMRE,16,84974,396,0,0,Film & Animation,2024-10-21T15:00:59Z
-n0waD4qzI4,16,31509,690,15,0,Entertainment,2024-10-21T15:00:06Z
qfih0r0sq0c,16,29223,1099,11,0,Gaming,2024-10-21T14:44:32Z
NUzGaZkGTu4,16,84619,405,0,0,Film & Animation,2024-10-21T14:45:49Z
I1cPbwuMc3U,16,249534,654,4,0,News & Politics,2024-10-21T14:29:42Z
3s6uanj_5DY,16,10628,735,79,0,Comedy,2024-10-21T14:26:44Z
XzW21Dj6PIQ,16,3696,301,6,0,Sports,2024-10-21T14:15:02Z
bD-R-2DPzuc,16,755515,16056,235,0,News & Politics,2024-10-21T14:05:31Z
f-Dvm17aVxk,16,16351,441,60,0,Sports,2024-10-21T14:00:42Z
RzQpDaa2044,16,2210802,31360,38,0,Sports,2024-10-21T13:32:11Z
Gs1r0uzedBw,16,2721,317,3,0,Education,2024-10-21T13:31:20Z
F4oaCRpuCtU,16,71057,519,78,0,News & Politics,2024-10-21T13:28:10Z
ng_xV81XhHM,16,6587,38,58,0,News & Politics,2024-10-21T13:03:08Z
yGLEpVbJm40,16,1773801,38703,9075,0,News & Politics,2024-10-21T13:01:10Z
lKwo4S2VA3c,16,46650,260,7,0,News & Politics,2024-10-21T13:01:47Z
T0sPOtCwXio,16,1758,410,17,0,Gaming,2024-10-21T12:55:26Z
6iG4Zp8HLOA,16,238378,4521,0,0,News & Politics,2024-10-21T12:52:07Z
E-TA8hJIUk8,16,12431,368,24,0,Sports,2024-10-21T12:40:42Z
gE4eK3He-7w,16,159524,3696,0,0,News & Politics,2024-10-21T20:09:19Z
qWDt3sCTGFg,16,64508,3376,103,0,Entertainment,2024-10-21T12:30:46Z
zZsgnPmP6lg,16,38044,3816,21,0,Gaming,2024-10-21T12:16:34Z
PYJ4do-OZAQ,16,177487,2480,607,0,Entertainment,2024-10-21T22:35:01Z
_AlZYvis4uE,16,332771,2383,216,0,Entertainment,2024-10-21T22:21:01Z
Nks9y_kpofE,16,24602,363,2,0,Gaming,2024-10-21T12:08:52Z
sMY2RlXdreo,16,46760,6530,190,0,Music,2024-10-21T12:01:12Z
u5us4Y5Q4AY,16,6372,1119,16,0,Nonprofits & Activism,2024-10-21T12:01:11Z
jX9vfyAyELE,16,1829,11,2,0,Entertainment,2024-10-21T12:00:06Z
IXq9Ex6qLxY,16,23729,1134,101,0,People & Blogs,2024-10-21T11:53:17Z
00-9NCfhVF8,16,13954,1695,30,0,Music,2024-10-21T11:50:09Z
mb5ldcr1jbA,17,320449,1451,4,0,News & Politics,2024-10-21T19:10:34Z
rtLGwJF9Jxc,17,102854,594,0,0,Film & Animation,2024-10-21T18:45:33Z
HAOgdVdSSkA,17,685426,0,7,0,News & Politics,2024-10-21T18:41:24Z
WWeOBvAvwrY,17,97484,10149,1869,0,News & Politics,2024-10-21T18:31:26Z
WunqF6zQnbI,17,70697,2149,68,0,News & Politics,2024-10-21T18:10:08Z
rm4qj0SJKKE,17,82578,2175,321,0,News & Politics,2024-10-21T20:26:07Z
uDvNq7vtGnM,17,6723,213,66,0,Entertainment,2024-10-21T17:38:38Z
p8SIBaDl9PE,17,75833,944,0,0,News & Politics,2024-10-21T17:37:58Z
q_V96gv_IDA,17,122091,1416,0,0,News & Politics,2024-10-21T17:34:17Z
TS6wQl2Gq_Y,17,12949,530,3,0,Gaming,2024-10-21T17:24:21Z
CQMZndfGRWI,17,57108,5547,322,0,People & Blogs,2024-10-21T20:12:23Z
qX6MAp5qQrU,17,125997,7211,151,0,News & Politics,2024-10-21T16:56:12Z
tcAExHTclc4,17,9788,78,0,0,Sports,2024-10-21T16:22:16Z
95RPXz_h2Fw,17,22381,3800,424,0,People & Blogs,2024-10-21T16:13:57Z
6kKE4Rurmmk,17,9531,804,136,0,Comedy,2024-10-21T16:11:11Z
YRyo5vL6XsI,17,43290,5860,97,0,Entertainment,2024-10-21T16:07:27Z
Y8hZ5i0TGIs,17,164476,1358,254,0,News & Politics,2024-10-21T15:52:42Z
JrD7QKy8PUI,17,543,26,1,0,Education,2024-10-21T15:51:16Z
f7v8WJgChU8,17,493,12,0,0,Sports,2024-10-21T15:30:18Z
zToiY455lhQ,17,3019654,288686,3430,0,People & Blogs,2024-10-21T15:06:25Z
uDVNRYxIMRE,17,85873,400,0,0,Film & Animation,2024-10-21T15:00:59Z
-n0waD4qzI4,17,32440,697,15,0,Entertainment,2024-10-21T15:00:06Z
qfih0r0sq0c,17,29317,1102,11,0,Gaming,2024-10-21T14:44:32Z
NUzGaZkGTu4,17,84765,407,0,0,Film & Animation,2024-10-21T14:45:49Z
I1cPbwuMc3U,17,250045,655,4,0,News & Politics,2024-10-21T14:29:42Z
3s6uanj_5DY,17,10669,737,79,0,Comedy,2024-10-21T14:26:44Z
XzW21Dj6PIQ,17,3745,309,6,0,Sports,2024-10-21T14:15:02Z
bD-R-2DPzuc,17,759857,16108,236,0,News & Politics,2024-10-21T14:05:31Z
f-Dvm17aVxk,17,16466,443,60,0,Sports,2024-10-21T14:00:42Z
RzQpDaa2044,17,2211537,31364,39,0,Sports,2024-10-21T13:32:11Z
Gs1r0uzedBw,17,2771,324,3,0,Education,2024-10-21T13:31:20Z
F4oaCRpuCtU,17,73462,528,80,0,News & Politics,2024-10-21T13:28:10Z
ng_xV81XhHM,17,6587,38,58,0,News & Politics,2024-10-21T13:03:08Z
yGLEpVbJm40,17,1788654,38981,9141,0,News & Politics,2024-10-21T13:01:10Z
lKwo4S2VA3c,17,46700,260,7,0,News & Politics,2024-10-21T13:01:47Z
T0sPOtCwXio,17,1815,423,17,0,Gaming,2024-10-21T12:55:26Z
6iG4Zp8HLOA,17,238966,4523,0,0,News & Politics,2024-10-21T12:52:07Z
E-TA8hJIUk8,17,12745,371,25,0,Sports,2024-10-21T12:40:42Z
gE4eK3He-7w,17,160612,3708,0,0,News & Politics,2024-10-21T20:09:19Z
qWDt3sCTGFg,17,66242,3507,106,0,Entertainment,2024-10-21T12:30:46Z
zZsgnPmP6lg,17,38143,3820,21,0,Gaming,2024-10-21T12:16:34Z
PYJ4do-OZAQ,17,178582,2504,618,0,Entertainment,2024-10-21T22:35:01Z
_AlZYvis4uE,17,333542,2398,222,0,Entertainment,2024-10-21T22:21:01Z
Nks9y_kpofE,17,24611,363,2,0,Gaming,2024-10-21T12:08:52Z
sMY2RlXdreo,17,48829,6676,191,0,Music,2024-10-21T12:01:12Z
u5us4Y5Q4AY,17,6486,1137,16,0,Nonprofits & Activism,2024-10-21T12:01:11Z
jX9vfyAyELE,17,2218,12,2,0,Entertainment,2024-10-21T12:00:06Z
IXq9Ex6qLxY,17,23789,1134,101,0,People & Blogs,2024-10-21T11:53:17Z
00-9NCfhVF8,17,14040,1695,30,0,Music,2024-10-21T11:50:09Z
mb5ldcr1jbA,18,322123,1462,4,0,News & Politics,2024-10-21T19:10:34Z
rtLGwJF9Jxc,18,103018,595,0,0,Film & Animation,2024-10-21T18:45:33Z
HAOgdVdSSkA,18,686801,0,7,0,News & Politics,2024-10-21T18:41:24Z
WWeOBvAvwrY,18,99148,10251,1895,0,News & Politics,2024-10-21T18:31:26Z
WunqF6zQnbI,18,71109,2160,68,0,News & Politics,2024-10-21T18:10:08Z
rm4qj0SJKKE,18,83629,2186,330,0,News & Politics,2024-10-21T20:26:07Z
uDvNq7vtGnM,18,6767,213,66,0,Entertainment,2024-10-21T17:38:38Z
p8SIBaDl9PE,18,75933,953,0,0,News & Politics,2024-10-21T17:37:58Z
q_V96gv_IDA,18,122749,1420,0,0,News & Politics,2024-10-21T17:34:17Z
TS6wQl2Gq_Y,18,13029,532,3,0,Gaming,2024-10-21T17:24:21Z
CQMZndfGRWI,18,58056,5661,329,0,People & Blogs,2024-10-21T20:12:23Z
qX6MAp5qQrU,18,124937,7214,151,0,News & Politics,2024-10-21T16:56:12Z
tcAExHTclc4,18,9833,78,0,0,Sports,2024-10-21T16:22:16Z
95RPXz_h2Fw,18,23012,3858,434,0,People & Blogs,2024-10-21T16:13:57Z
6kKE4Rurmmk,18,9629,807,136,0,Comedy,2024-10-21T16:11:11Z
YRyo5vL6XsI,18,43479,5876,97,0,Entertainment,2024-10-21T16:07:27Z
Y8hZ5i0TGIs,18,165045,1371,262,0,News & Politics,2024-10-21T15:52:42Z
JrD7QKy8PUI,18,570,26,1,0,Education,2024-10-21T15:51:16Z
f7v8WJgChU8,18,496,12,0,0,Sports,2024-10-21T15:30:18Z
zToiY455lhQ,18,3284651,307316,3514,0,People & Blogs,2024-10-21T15:06:25Z
uDVNRYxIMRE,18,86874,407,0,0,Film & Animation,2024-10-21T15:00:59Z
-n0waD4qzI4,18,33301,725,15,0,Entertainment,2024-10-21T15:00:06Z
qfih0r0sq0c,18,29442,1103,11,0,Gaming,2024-10-21T14:44:32Z
NUzGaZkGTu4,18,84920,408,0,0,Film & Animation,2024-10-21T14:45:49Z
I1cPbwuMc3U,18,250489,657,4,0,News & Politics,2024-10-21T14:29:42Z
3s6uanj_5DY,18,10538,738,79,0,Comedy,2024-10-21T14:26:44Z
XzW21Dj6PIQ,18,3806,312,6,0,Sports,2024-10-21T14:15:02Z
bD-R-2DPzuc,18,764438,16238,236,0,News & Politics,2024-10-21T14:05:31Z
f-Dvm17aVxk,18,16599,448,63,0,Sports,2024-10-21T14:00:42Z
RzQpDaa2044,18,2212149,31367,39,0,Sports,2024-10-21T13:32:11Z
Gs1r0uzedBw,18,2842,333,3,0,Education,2024-10-21T13:31:20Z
F4oaCRpuCtU,18,75183,544,81,0,News & Politics,2024-10-21T13:28:10Z
ng_xV81XhHM,18,6631,38,59,0,News & Politics,2024-10-21T13:03:08Z
yGLEpVbJm40,18,1804409,39236,9213,0,News & Politics,2024-10-21T13:01:10Z
lKwo4S2VA3c,18,47018,259,7,0,News & Politics,2024-10-21T13:01:47Z
T0sPOtCwXio,18,1862,437,17,0,Gaming,2024-10-21T12:55:26Z
6iG4Zp8HLOA,18,239520,4533,0,0,News & Politics,2024-10-21T12:52:07Z
E-TA8hJIUk8,18,13001,376,25,0,Sports,2024-10-21T12:40:42Z
gE4eK3He-7w,18,161421,3711,0,0,News & Politics,2024-10-21T20:09:19Z
qWDt3sCTGFg,18,68714,3654,107,0,Entertainment,2024-10-21T12:30:46Z
zZsgnPmP6lg,18,38205,3825,21,0,Gaming,2024-10-21T12:16:34Z
PYJ4do-OZAQ,18,180350,2525,647,0,Entertainment,2024-10-21T22:35:01Z
_AlZYvis4uE,18,335002,2406,228,0,Entertainment,2024-10-21T22:21:01Z
Nks9y_kpofE,18,24479,364,2,0,Gaming,2024-10-21T12:08:52Z
sMY2RlXdreo,18,51621,6821,195,0,Music,2024-10-21T12:01:12Z
u5us4Y5Q4AY,18,6646,1154,17,0,Nonprofits & Activism,2024-10-21T12:01:11Z
jX9vfyAyELE,18,2329,12,2,0,Entertainment,2024-10-21T12:00:06Z
IXq9Ex6qLxY,18,23828,1134,101,0,People & Blogs,2024-10-21T11:53:17Z
00-9NCfhVF8,18,14112,1697,31,0,Music,2024-10-21T11:50:09Z
mb5ldcr1jbA,19,323542,1473,4,0,News & Politics,2024-10-21T19:10:34Z
rtLGwJF9Jxc,19,103420,594,0,0,Film & Animation,2024-10-21T18:45:33Z
HAOgdVdSSkA,19,688018,0,7,0,News & Politics,2024-10-21T18:41:24Z
WWeOBvAvwrY,19,100286,10310,1920,0,News & Politics,2024-10-21T18:31:26Z
WunqF6zQnbI,19,71269,2165,69,0,News & Politics,2024-10-21T18:10:08Z
rm4qj0SJKKE,19,84234,2193,333,0,News & Politics,2024-10-21T20:26:07Z
uDvNq7vtGnM,19,6816,215,66,0,Entertainment,2024-10-21T17:38:38Z
p8SIBaDl9PE,19,76077,953,0,0,News & Politics,2024-10-21T17:37:58Z
q_V96gv_IDA,19,123262,1425,0,0,News & Politics,2024-10-21T17:34:17Z
TS6wQl2Gq_Y,19,12842,533,3,0,Gaming,2024-10-21T17:24:21Z
CQMZndfGRWI,19,58814,5745,331,0,People & Blogs,2024-10-21T20:12:23Z
qX6MAp5qQrU,19,125043,7218,151,0,News & Politics,2024-10-21T16:56:12Z
tcAExHTclc4,19,9849,78,0,0,Sports,2024-10-21T16:22:16Z
95RPXz_h2Fw,19,23452,3884,438,0,People & Blogs,2024-10-21T16:13:57Z
6kKE4Rurmmk,19,9569,808,137,0,Comedy,2024-10-21T16:11:11Z
YRyo5vL6XsI,19,41943,5892,97,0,Entertainment,2024-10-21T16:07:27Z
Y8hZ5i0TGIs,19,165560,1383,263,0,News & Politics,2024-10-21T15:52:42Z
JrD7QKy8PUI,19,579,26,2,0,Education,2024-10-21T15:51:16Z
f7v8WJgChU8,19,499,12,0,0,Sports,2024-10-21T15:30:18Z
zToiY455lhQ,19,3487056,321143,3577,0,People & Blogs,2024-10-21T15:06:25Z
uDVNRYxIMRE,19,88006,414,0,0,Film & Animation,2024-10-21T15:00:59Z
-n0waD4qzI4,19,33838,741,16,0,Entertainment,2024-10-21T15:00:06Z
qfih0r0sq0c,19,28615,1104,11,0,Gaming,2024-10-21T14:44:32Z
NUzGaZkGTu4,19,84891,410,0,0,Film & Animation,2024-10-21T14:45:49Z
I1cPbwuMc3U,19,250965,660,4,0,News & Politics,2024-10-21T14:29:42Z
3s6uanj_5DY,19,10577,738,80,0,Comedy,2024-10-21T14:26:44Z
XzW21Dj6PIQ,19,3848,321,6,0,Sports,2024-10-21T14:15:02Z
bD-R-2DPzuc,19,771561,16275,236,0,News & Politics,2024-10-21T14:05:31Z
f-Dvm17aVxk,19,16697,451,63,0,Sports,2024-10-21T14:00:42Z
RzQpDaa2044,19,2211566,31368,39,0,Sports,2024-10-21T13:32:11Z
Gs1r0uzedBw,19,2892,338,3,0,Education,2024-10-21T13:31:20Z
F4oaCRpuCtU,19,76107,556,82,0,News & Politics,2024-10-21T13:28:10Z
ng_xV81XhHM,19,6664,38,60,0,News & Politics,2024-10-21T13:03:08Z
yGLEpVbJm40,19,1812020,39412,9262,0,News & Politics,2024-10-21T13:01:10Z
lKwo4S2VA3c,19,47159,260,7,0,News & Politics,2024-10-21T13:01:47Z
T0sPOtCwXio,19,1891,443,17,0,Gaming,2024-10-21T12:55:26Z
6iG4Zp8HLOA,19,239599,4533,0,0,News & Politics,2024-10-21T12:52:07Z
E-TA8hJIUk8,19,13171,381,25,0,Sports,2024-10-21T12:40:42Z
gE4eK3He-7w,19,162056,3716,0,0,News & Politics,2024-10-21T20:09:19Z
qWDt3sCTGFg,19,71079,3717,109,0,Entertainment,2024-10-21T12:30:46Z
zZsgnPmP6lg,19,37199,3826,21,0,Gaming,2024-10-21T12:16:34Z
PYJ4do-OZAQ,19,180042,2542,659,0,Entertainment,2024-10-21T22:35:01Z
_AlZYvis4uE,19,332460,2412,231,0,Entertainment,2024-10-21T22:21:01Z
Nks9y_kpofE,19,24486,364,2,0,Gaming,2024-10-21T12:08:52Z
sMY2RlXdreo,19,53028,6928,199,0,Music,2024-10-21T12:01:12Z
u5us4Y5Q4AY,19,6732,1170,17,0,Nonprofits & Activism,2024-10-21T12:01:11Z
jX9vfyAyELE,19,2329,12,2,0,Entertainment,2024-10-21T12:00:06Z
IXq9Ex6qLxY,19,23828,1134,101,0,People & Blogs,2024-10-21T11:53:17Z
00-9NCfhVF8,19,13434,1698,31,0,Music,2024-10-21T11:50:09Z
mb5ldcr1jbA,20,334623,1501,4,0,News & Politics,2024-10-21T19:10:34Z
rtLGwJF9Jxc,20,105042,594,0,0,Film & Animation,2024-10-21T18:45:33Z
HAOgdVdSSkA,20,695212,0,7,0,News & Politics,2024-10-21T18:41:24Z
WWeOBvAvwrY,20,104045,10439,1956,0,News & Politics,2024-10-21T18:31:26Z
WunqF6zQnbI,20,73048,2192,70,0,News & Politics,2024-10-21T18:10:08Z
rm4qj0SJKKE,20,87658,2224,357,0,News & Politics,2024-10-21T20:26:07Z
uDvNq7vtGnM,20,7039,219,66,0,Entertainment,2024-10-21T17:38:38Z
p8SIBaDl9PE,20,77017,957,0,0,News & Politics,2024-10-21T17:37:58Z
q_V96gv_IDA,20,126888,1445,0,0,News & Politics,2024-10-21T17:34:17Z
TS6wQl2Gq_Y,20,12987,533,3,0,Gaming,2024-10-21T17:24:21Z
CQMZndfGRWI,20,63050,6013,350,0,People & Blogs,2024-10-21T20:12:23Z
qX6MAp5qQrU,20,125590,7233,152,0,News & Politics,2024-10-21T16:56:12Z
tcAExHTclc4,20,9975,78,0,0,Sports,2024-10-21T16:22:16Z
95RPXz_h2Fw,20,24883,3903,440,0,People & Blogs,2024-10-21T16:13:57Z
6kKE4Rurmmk,20,9744,815,141,0,Comedy,2024-10-21T16:11:11Z
YRyo5vL6XsI,20,42759,5923,100,0,Entertainment,2024-10-21T16:07:27Z
Y8hZ5i0TGIs,20,169476,1418,273,0,News & Politics,2024-10-21T15:52:42Z
JrD7QKy8PUI,20,604,26,2,0,Education,2024-10-21T15:51:16Z
f7v8WJgChU8,20,509,14,0,0,Sports,2024-10-21T15:30:18Z
zToiY455lhQ,20,4542136,358806,3776,0,People & Blogs,2024-10-21T15:06:25Z
uDVNRYxIMRE,20,95300,423,0,0,Film & Animation,2024-10-21T15:00:59Z
-n0waD4qzI4,20,36885,765,16,0,Entertainment,2024-10-21T15:00:06Z
qfih0r0sq0c,20,28885,1106,11,0,Gaming,2024-10-21T14:44:32Z
NUzGaZkGTu4,20,85376,412,0,0,Film & Animation,2024-10-21T14:45:49Z
I1cPbwuMc3U,20,254181,662,4,0,News & Politics,2024-10-21T14:29:42Z
3s6uanj_5DY,20,10658,741,81,0,Comedy,2024-10-21T14:26:44Z
XzW21Dj6PIQ,20,4178,341,6,0,Sports,2024-10-21T14:15:02Z
bD-R-2DPzuc,20,803143,16335,238,0,News & Politics,2024-10-21T14:05:31Z
f-Dvm17aVxk,20,17386,463,64,0,Sports,2024-10-21T14:00:42Z
RzQpDaa2044,20,2214348,31371,39,0,Sports,2024-10-21T13:32:11Z
Gs1r0uzedBw,20,3167,358,3,0,Education,2024-10-21T13:31:20Z
F4oaCRpuCtU,20,83245,583,85,0,News & Politics,2024-10-21T13:28:10Z
ng_xV81XhHM,20,6720,38,60,0,News & Politics,2024-10-21T13:03:08Z
yGLEpVbJm40,20,1855542,39890,9366,0,News & Politics,2024-10-21T13:01:10Z
lKwo4S2VA3c,20,47562,261,7,0,News & Politics,2024-10-21T13:01:47Z
T0sPOtCwXio,20,2083,470,17,0,Gaming,2024-10-21T12:55:26Z
6iG4Zp8HLOA,20,241852,4542,0,0,News & Politics,2024-10-21T12:52:07Z
E-TA8hJIUk8,20,14870,415,25,0,Sports,2024-10-21T12:40:42Z
gE4eK3He-7w,20,166627,3743,0,0,News & Politics,2024-10-21T20:09:19Z
qWDt3sCTGFg,20,78575,3809,112,0,Entertainment,2024-10-21T12:30:46Z
zZsgnPmP6lg,20,37503,3834,21,0,Gaming,2024-10-21T12:16:34Z
PYJ4do-OZAQ,20,188678,2606,695,0,Entertainment,2024-10-21T22:35:01Z
_AlZYvis4uE,20,338224,2427,239,0,Entertainment,2024-10-21T22:21:01Z
Nks9y_kpofE,20,24507,364,2,0,Gaming,2024-10-21T12:08:52Z
sMY2RlXdreo,20,57695,7116,202,0,Music,2024-10-21T12:01:12Z
u5us4Y5Q4AY,20,7375,1237,20,0,Nonprofits & Activism,2024-10-21T12:01:11Z
jX9vfyAyELE,20,2896,12,2,0,Entertainment,2024-10-21T12:00:06Z
IXq9Ex6qLxY,20,23795,1134,101,0,People & Blogs,2024-10-21T11:53:17Z
00-9NCfhVF8,20,13617,1703,32,0,Music,2024-10-21T11:50:09Z
mb5ldcr1jbA,21,335094,1501,4,0,News & Politics,2024-10-21T19:10:34Z
rtLGwJF9Jxc,21,105205,594,0,0,Film & Animation,2024-10-21T18:45:33Z
HAOgdVdSSkA,21,695701,0,7,0,News & Politics,2024-10-21T18:41:24Z
WWeOBvAvwrY,21,104407,10450,1963,0,News & Politics,2024-10-21T18:31:26Z
WunqF6zQnbI,21,73259,2197,70,0,News & Politics,2024-10-21T18:10:08Z
rm4qj0SJKKE,21,88240,2223,357,0,News & Politics,2024-10-21T20:26:07Z
uDvNq7vtGnM,21,7046,219,66,0,Entertainment,2024-10-21T17:38:38Z
p8SIBaDl9PE,21,77017,957,0,0,News & Politics,2024-10-21T17:37:58Z
q_V96gv_IDA,21,127956,1449,0,0,News & Politics,2024-10-21T17:34:17Z
TS6wQl2Gq_Y,21,12987,533,3,0,Gaming,2024-10-21T17:24:21Z
CQMZndfGRWI,21,63835,6035,354,0,People & Blogs,2024-10-21T20:12:23Z
qX6MAp5qQrU,21,125685,7236,157,0,News & Politics,2024-10-21T16:56:12Z
tcAExHTclc4,21,10029,79,0,0,Sports,2024-10-21T16:22:16Z
95RPXz_h2Fw,21,24957,3905,440,0,People & Blogs,2024-10-21T16:13:57Z
6kKE4Rurmmk,21,9749,817,141,0,Comedy,2024-10-21T16:11:11Z
YRyo5vL6XsI,21,42839,5928,100,0,Entertainment,2024-10-21T16:07:27Z
Y8hZ5i0TGIs,21,169764,1421,273,0,News & Politics,2024-10-21T15:52:42Z
JrD7QKy8PUI,21,604,26,2,0,Education,2024-10-21T15:51:16Z
f7v8WJgChU8,21,509,14,0,0,Sports,2024-10-21T15:30:18Z
zToiY455lhQ,21,4645396,364187,3802,0,People & Blogs,2024-10-21T15:06:25Z
uDVNRYxIMRE,21,96793,427,0,0,Film & Animation,2024-10-21T15:00:59Z
-n0waD4qzI4,21,37058,770,16,0,Entertainment,2024-10-21T15:00:06Z
qfih0r0sq0c,21,28917,1106,11,0,Gaming,2024-10-21T14:44:32Z
NUzGaZkGTu4,21,85421,412,0,0,Film & Animation,2024-10-21T14:45:49Z
I1cPbwuMc3U,21,254251,662,4,0,News & Politics,2024-10-21T14:29:42Z
3s6uanj_5DY,21,10658,741,81,0,Comedy,2024-10-21T14:26:44Z
XzW21Dj6PIQ,21,4249,347,6,0,Sports,2024-10-21T14:15:02Z
bD-R-2DPzuc,21,804146,16336,238,0,News & Politics,2024-10-21T14:05:31Z
f-Dvm17aVxk,21,17485,467,64,0,Sports,2024-10-21T14:00:42Z
RzQpDaa2044,21,2214713,31371,39,0,Sports,2024-10-21T13:32:11Z
Gs1r0uzedBw,21,3222,361,3,0,Education,2024-10-21T13:31:20Z
F4oaCRpuCtU,21,83622,586,86,0,News & Politics,2024-10-21T13:28:10Z
ng_xV81XhHM,21,6720,38,60,0,News & Politics,2024-10-21T13:03:08Z
yGLEpVbJm40,21,1862945,39966,9385,0,News & Politics,2024-10-21T13:01:10Z
lKwo4S2VA3c,21,47661,261,7,0,News & Politics,2024-10-21T13:01:47Z
T0sPOtCwXio,21,2088,470,17,0,Gaming,2024-10-21T12:55:26Z
6iG4Zp8HLOA,21,242483,4543,0,0,News & Politics,2024-10-21T12:52:07Z
E-TA8hJIUk8,21,15466,416,25,0,Sports,2024-10-21T12:40:42Z
gE4eK3He-7w,21,168109,3746,0,0,News & Politics,2024-10-21T20:09:19Z
qWDt3sCTGFg,21,79032,3830,113,0,Entertainment,2024-10-21T12:30:46Z
zZsgnPmP6lg,21,37527,3836,21,0,Gaming,2024-10-21T12:16:34Z
PYJ4do-OZAQ,21,190276,2617,703,0,Entertainment,2024-10-21T22:35:01Z
_AlZYvis4uE,21,339190,2430,247,0,Entertainment,2024-10-21T22:21:01Z
Nks9y_kpofE,21,24507,364,2,0,Gaming,2024-10-21T12:08:52Z
sMY2RlXdreo,21,57929,7139,203,0,Music,2024-10-21T12:01:12Z
u5us4Y5Q4AY,21,7549,1257,20,0,Nonprofits & Activism,2024-10-21T12:01:11Z
jX9vfyAyELE,21,2896,12,2,0,Entertainment,2024-10-21T12:00:06Z
IXq9Ex6qLxY,21,23827,1134,101,0,People & Blogs,2024-10-21T11:53:17Z
00-9NCfhVF8,21,13667,1704,32,0,Music,2024-10-21T11:50:09Z
mb5ldcr1jbA,22,335337,1503,4,0,News & Politics,2024-10-21T19:10:34Z
rtLGwJF9Jxc,22,105332,594,0,0,Film & Animation,2024-10-21T18:45:33Z
HAOgdVdSSkA,22,695888,0,7,0,News & Politics,2024-10-21T18:41:24Z
WWeOBvAvwrY,22,104804,10467,1966,0,News & Politics,2024-10-21T18:31:26Z
WunqF6zQnbI,22,73552,2200,71,0,News & Politics,2024-10-21T18:10:08Z
rm4qj0SJKKE,22,88704,2226,357,0,News & Politics,2024-10-21T20:26:07Z
uDvNq7vtGnM,22,7080,219,66,0,Entertainment,2024-10-21T17:38:38Z
p8SIBaDl9PE,22,77090,957,0,0,News & Politics,2024-10-21T17:37:58Z
q_V96gv_IDA,22,130146,1452,0,0,News & Politics,2024-10-21T17:34:17Z
TS6wQl2Gq_Y,22,13011,534,3,0,Gaming,2024-10-21T17:24:21Z
CQMZndfGRWI,22,64430,6079,360,0,People & Blogs,2024-10-21T20:12:23Z
qX6MAp5qQrU,22,125857,7237,157,0,News & Politics,2024-10-21T16:56:12Z
tcAExHTclc4,22,10073,78,0,0,Sports,2024-10-21T16:22:16Z
95RPXz_h2Fw,22,24967,3906,440,0,People & Blogs,2024-10-21T16:13:57Z
6kKE4Rurmmk,22,9786,818,141,0,Comedy,2024-10-21T16:11:11Z
YRyo5vL6XsI,22,42966,5939,100,0,Entertainment,2024-10-21T16:07:27Z
Y8hZ5i0TGIs,22,169934,1426,273,0,News & Politics,2024-10-21T15:52:42Z
JrD7QKy8PUI,22,616,26,2,0,Education,2024-10-21T15:51:16Z
f7v8WJgChU8,22,513,15,0,0,Sports,2024-10-21T15:30:18Z
zToiY455lhQ,22,4771215,381099,3896,0,People & Blogs,2024-10-21T15:06:25Z
uDVNRYxIMRE,22,98552,431,0,0,Film & Animation,2024-10-21T15:00:59Z
-n0waD4qzI4,22,37210,769,16,0,Entertainment,2024-10-21T15:00:06Z
qfih0r0sq0c,22,28954,1108,11,0,Gaming,2024-10-21T14:44:32Z
NUzGaZkGTu4,22,85484,412,0,0,Film & Animation,2024-10-21T14:45:49Z
I1cPbwuMc3U,22,254251,662,4,0,News & Politics,2024-10-21T14:29:42Z
3s6uanj_5DY,22,10709,741,81,0,Comedy,2024-10-21T14:26:44Z
XzW21Dj6PIQ,22,4326,352,6,0,Sports,2024-10-21T14:15:02Z
bD-R-2DPzuc,22,804588,16335,238,0,News & Politics,2024-10-21T14:05:31Z
f-Dvm17aVxk,22,17659,474,64,0,Sports,2024-10-21T14:00:42Z
RzQpDaa2044,22,2215021,31373,39,0,Sports,2024-10-21T13:32:11Z
Gs1r0uzedBw,22,3293,369,3,0,Education,2024-10-21T13:31:20Z
F4oaCRpuCtU,22,83974,593,87,0,News & Politics,2024-10-21T13:28:10Z
ng_xV81XhHM,22,6741,38,60,0,News & Politics,2024-10-21T13:03:08Z
yGLEpVbJm40,22,1872937,40045,9411,0,News & Politics,2024-10-21T13:01:10Z
lKwo4S2VA3c,22,47769,261,7,0,News & Politics,2024-10-21T13:01:47Z
T0sPOtCwXio,22,2124,476,17,0,Gaming,2024-10-21T12:55:26Z
6iG4Zp8HLOA,22,243286,4547,0,0,News & Politics,2024-10-21T12:52:07Z
E-TA8hJIUk8,22,15856,418,25,0,Sports,2024-10-21T12:40:42Z
gE4eK3He-7w,22,169867,3752,0,0,News & Politics,2024-10-21T20:09:19Z
qWDt3sCTGFg,22,80092,3888,113,0,Entertainment,2024-10-21T12:30:46Z
zZsgnPmP6lg,22,37561,3837,21,0,Gaming,2024-10-21T12:16:34Z
PYJ4do-OZAQ,22,192388,2631,706,0,Entertainment,2024-10-21T22:35:01Z
_AlZYvis4uE,22,340458,2434,257,0,Entertainment,2024-10-21T22:21:01Z
Nks9y_kpofE,22,24513,364,2,0,Gaming,2024-10-21T12:08:52Z
sMY2RlXdreo,22,58436,7228,203,0,Music,2024-10-21T12:01:12Z
u5us4Y5Q4AY,22,7762,1309,22,0,Nonprofits & Activism,2024-10-21T12:01:11Z
jX9vfyAyELE,22,3015,12,2,0,Entertainment,2024-10-21T12:00:06Z
IXq9Ex6qLxY,22,23844,1135,101,0,People & Blogs,2024-10-21T11:53:17Z
00-9NCfhVF8,22,13707,1705,32,0,Music,2024-10-21T11:50:09Z
mb5ldcr1jbA,23,335399,1504,4,0,News & Politics,2024-10-21T19:10:34Z
rtLGwJF9Jxc,23,105394,594,0,0,Film & Animation,2024-10-21T18:45:33Z
HAOgdVdSSkA,23,695926,0,7,0,News & Politics,2024-10-21T18:41:24Z
WWeOBvAvwrY,23,104915,10468,1966,0,News & Politics,2024-10-21T18:31:26Z
WunqF6zQnbI,23,73644,2200,71,0,News & Politics,2024-10-21T18:10:08Z
rm4qj0SJKKE,23,88828,2226,357,0,News & Politics,2024-10-21T20:26:07Z
uDvNq7vtGnM,23,7080,219,66,0,Entertainment,2024-10-21T17:38:38Z
p8SIBaDl9PE,23,77098,958,0,0,News & Politics,2024-10-21T17:37:58Z
q_V96gv_IDA,23,130775,1455,0,0,News & Politics,2024-10-21T17:34:17Z
TS6wQl2Gq_Y,23,13021,534,3,0,Gaming,2024-10-21T17:24:21Z
CQMZndfGRWI,23,64652,6095,362,0,People & Blogs,2024-10-21T20:12:23Z
qX6MAp5qQrU,23,125903,7238,158,0,News & Politics,2024-10-21T16:56:12Z
tcAExHTclc4,23,10073,78,0,0,Sports,2024-10-21T16:22:16Z
95RPXz_h2Fw,23,25007,3909,440,0,People & Blogs,2024-10-21T16:13:57Z
6kKE4Rurmmk,23,9786,818,141,0,Comedy,2024-10-21T16:11:11Z
YRyo5vL6XsI,23,43023,5941,100,0,Entertainment,2024-10-21T16:07:27Z
Y8hZ5i0TGIs,23,170054,1429,274,0,News & Politics,2024-10-21T15:52:42Z
JrD7QKy8PUI,23,616,26,2,0,Education,2024-10-21T15:51:16Z
f7v8WJgChU8,23,513,15,0,0,Sports,2024-10-21T15:30:18Z
zToiY455lhQ,23,4867546,388832,3960,0,People & Blogs,2024-10-21T15:06:25Z
uDVNRYxIMRE,23,99273,433,0,0,Film & Animation,2024-10-21T15:00:59Z
-n0waD4qzI4,23,37244,769,16,0,Entertainment,2024-10-21T15:00:06Z
qfih0r0sq0c,23,28954,1108,11,0,Gaming,2024-10-21T14:44:32Z
NUzGaZkGTu4,23,85512,412,0,0,Film & Animation,2024-10-21T14:45:49Z
I1cPbwuMc3U,23,254251,662,4,0,News & Politics,2024-10-21T14:29:42Z
3s6uanj_5DY,23,10731,742,81,0,Comedy,2024-10-21T14:26:44Z
XzW21Dj6PIQ,23,4354,354,6,0,Sports,2024-10-21T14:15:02Z
bD-R-2DPzuc,23,804713,16335,238,0,News & Politics,2024-10-21T14:05:31Z
f-Dvm17aVxk,23,17743,476,64,0,Sports,2024-10-21T14:00:42Z
RzQpDaa2044,23,2215098,31375,39,0,Sports,2024-10-21T13:32:11Z
Gs1r0uzedBw,23,3316,374,3,0,Education,2024-10-21T13:31:20Z
F4oaCRpuCtU,23,84280,598,88,0,News & Politics,2024-10-21T13:28:10Z
ng_xV81XhHM,23,6741,38,60,0,News & Politics,2024-10-21T13:03:08Z
yGLEpVbJm40,23,1876761,40067,9421,0,News & Politics,2024-10-21T13:01:10Z
lKwo4S2VA3c,23,47777,261,7,0,News & Politics,2024-10-21T13:01:47Z
T0sPOtCwXio,23,2134,477,17,0,Gaming,2024-10-21T12:55:26Z
6iG4Zp8HLOA,23,243554,4547,0,0,News & Politics,2024-10-21T12:52:07Z
E-TA8hJIUk8,23,15903,419,25,0,Sports,2024-10-21T12:40:42Z
gE4eK3He-7w,23,170297,3755,0,0,News & Politics,2024-10-21T20:09:19Z
qWDt3sCTGFg,23,80888,3911,113,0,Entertainment,2024-10-21T12:30:46Z
zZsgnPmP6lg,23,37590,3841,21,0,Gaming,2024-10-21T12:16:34Z
PYJ4do-OZAQ,23,193150,2635,713,0,Entertainment,2024-10-21T22:35:01Z
_AlZYvis4uE,23,340948,2433,258,0,Entertainment,2024-10-21T22:21:01Z
Nks9y_kpofE,23,24513,364,2,0,Gaming,2024-10-21T12:08:52Z
sMY2RlXdreo,23,58957,7263,203,0,Music,2024-10-21T12:01:12Z
u5us4Y5Q4AY,23,7875,1333,22,0,Nonprofits & Activism,2024-10-21T12:01:11Z
jX9vfyAyELE,23,3015,12,2,0,Entertainment,2024-10-21T12:00:06Z
IXq9Ex6qLxY,23,23867,1135,101,0,People & Blogs,2024-10-21T11:53:17Z
00-9NCfhVF8,23,13735,1706,32,0,Music,2024-10-21T11:50:09Z
mb5ldcr1jbA,24,335607,1513,4,0,News & Politics,2024-10-21T19:10:34Z
rtLGwJF9Jxc,24,105463,594,0,0,Film & Animation,2024-10-21T18:45:33Z
HAOgdVdSSkA,24,696016,0,7,0,News & Politics,2024-10-21T18:41:24Z
WWeOBvAvwrY,24,105014,10470,1964,0,News & Politics,2024-10-21T18:31:26Z
WunqF6zQnbI,24,73770,2203,72,0,News & Politics,2024-10-21T18:10:08Z
rm4qj0SJKKE,24,88917,2227,352,0,News & Politics,2024-10-21T20:26:07Z
uDvNq7vtGnM,24,7131,219,66,0,Entertainment,2024-10-21T17:38:38Z
p8SIBaDl9PE,24,77112,959,0,0,News & Politics,2024-10-21T17:37:58Z
q_V96gv_IDA,24,131289,1456,0,0,News & Politics,2024-10-21T17:34:17Z
TS6wQl2Gq_Y,24,13031,534,3,0,Gaming,2024-10-21T17:24:21Z
CQMZndfGRWI,24,64926,6103,362,0,People & Blogs,2024-10-21T20:12:23Z
qX6MAp5qQrU,24,125979,7243,158,0,News & Politics,2024-10-21T16:56:12Z
tcAExHTclc4,24,10088,78,0,0,Sports,2024-10-21T16:22:16Z
95RPXz_h2Fw,24,25032,3912,441,0,People & Blogs,2024-10-21T16:13:57Z
6kKE4Rurmmk,24,9841,818,142,0,Comedy,2024-10-21T16:11:11Z
YRyo5vL6XsI,24,43104,5945,100,0,Entertainment,2024-10-21T16:07:27Z
Y8hZ5i0TGIs,24,170246,1433,276,0,News & Politics,2024-10-21T15:52:42Z
JrD7QKy8PUI,24,616,26,2,0,Education,2024-10-21T15:51:16Z
f7v8WJgChU8,24,525,15,0,0,Sports,2024-10-21T15:30:18Z
zToiY455lhQ,24,5063957,395983,4002,0,People & Blogs,2024-10-21T15:06:25Z
uDVNRYxIMRE,24,100216,434,0,0,Film & Animation,2024-10-21T15:00:59Z
-n0waD4qzI4,24,37244,769,16,0,Entertainment,2024-10-21T15:00:06Z
qfih0r0sq0c,24,28954,1108,11,0,Gaming,2024-10-21T14:44:32Z
NUzGaZkGTu4,24,85540,412,0,0,Film & Animation,2024-10-21T14:45:49Z
I1cPbwuMc3U,24,254375,664,4,0,News & Politics,2024-10-21T14:29:42Z
3s6uanj_5DY,24,10731,742,81,0,Comedy,2024-10-21T14:26:44Z
XzW21Dj6PIQ,24,4389,360,6,0,Sports,2024-10-21T14:15:02Z
bD-R-2DPzuc,24,804922,16338,238,0,News & Politics,2024-10-21T14:05:31Z
f-Dvm17aVxk,24,17818,479,64,0,Sports,2024-10-21T14:00:42Z
RzQpDaa2044,24,2215177,31376,39,0,Sports,2024-10-21T13:32:11Z
Gs1r0uzedBw,24,3364,376,3,0,Education,2024-10-21T13:31:20Z
F4oaCRpuCtU,24,84953,607,88,0,News & Politics,2024-10-21T13:28:10Z
ng_xV81XhHM,24,6741,38,60,0,News & Politics,2024-10-21T13:03:08Z
yGLEpVbJm40,24,1881178,40105,9426,0,News & Politics,2024-10-21T13:01:10Z
lKwo4S2VA3c,24,47851,261,7,0,News & Politics,2024-10-21T13:01:47Z
T0sPOtCwXio,24,2152,480,17,0,Gaming,2024-10-21T12:55:26Z
6iG4Zp8HLOA,24,243736,4545,0,0,News & Politics,2024-10-21T12:52:07Z
E-TA8hJIUk8,24,15935,419,25,0,Sports,2024-10-21T12:40:42Z
gE4eK3He-7w,24,170675,3752,0,0,News & Politics,2024-10-21T20:09:19Z
qWDt3sCTGFg,24,81704,3927,114,0,Entertainment,2024-10-21T12:30:46Z
zZsgnPmP6lg,24,37613,3841,21,0,Gaming,2024-10-21T12:16:34Z
PYJ4do-OZAQ,24,193919,2642,729,0,Entertainment,2024-10-21T22:35:01Z
_AlZYvis4uE,24,341435,2435,258,0,Entertainment,2024-10-21T22:21:01Z
Nks9y_kpofE,24,24518,365,2,0,Gaming,2024-10-21T12:08:52Z
sMY2RlXdreo,24,59631,7297,203,0,Music,2024-10-21T12:01:12Z
u5us4Y5Q4AY,24,7991,1356,22,0,Nonprofits & Activism,2024-10-21T12:01:11Z
jX9vfyAyELE,24,3015,12,2,0,Entertainment,2024-10-21T12:00:06Z
IXq9Ex6qLxY,24,23874,1135,101,0,People & Blogs,2024-10-21T11:53:17Z
00-9NCfhVF8,24,13770,1709,32,0,Music,2024-10-21T11:50:09Z
mb5ldcr1jbA,25,336040,1515,4,0,News & Politics,2024-10-21T19:10:34Z
rtLGwJF9Jxc,25,105468,594,0,0,Film & Animation,2024-10-21T18:45:33Z
HAOgdVdSSkA,25,696137,0,7,0,News & Politics,2024-10-21T18:41:24Z
WWeOBvAvwrY,25,105053,10471,1965,0,News & Politics,2024-10-21T18:31:26Z
WunqF6zQnbI,25,73879,2203,72,0,News & Politics,2024-10-21T18:10:08Z
rm4qj0SJKKE,25,88993,2228,352,0,News & Politics,2024-10-21T20:26:07Z
uDvNq7vtGnM,25,7131,219,66,0,Entertainment,2024-10-21T17:38:38Z
p8SIBaDl9PE,25,77139,960,0,0,News & Politics,2024-10-21T17:37:58Z
q_V96gv_IDA,25,131610,1457,0,0,News & Politics,2024-10-21T17:34:17Z
TS6wQl2Gq_Y,25,13031,534,3,0,Gaming,2024-10-21T17:24:21Z
CQMZndfGRWI,25,65082,6110,362,0,People & Blogs,2024-10-21T20:12:23Z
qX6MAp5qQrU,25,126048,7244,158,0,News & Politics,2024-10-21T16:56:12Z
tcAExHTclc4,25,10093,78,0,0,Sports,2024-10-21T16:22:16Z
95RPXz_h2Fw,25,25061,3912,442,0,People & Blogs,2024-10-21T16:13:57Z
6kKE4Rurmmk,25,9863,819,142,0,Comedy,2024-10-21T16:11:11Z
YRyo5vL6XsI,25,43158,5950,100,0,Entertainment,2024-10-21T16:07:27Z
Y8hZ5i0TGIs,25,170524,1441,282,0,News & Politics,2024-10-21T15:52:42Z
JrD7QKy8PUI,25,616,26,2,0,Education,2024-10-21T15:51:16Z
f7v8WJgChU8,25,525,15,0,0,Sports,2024-10-21T15:30:18Z
zToiY455lhQ,25,5191783,402759,4049,0,People & Blogs,2024-10-21T15:06:25Z
uDVNRYxIMRE,25,100861,434,0,0,Film & Animation,2024-10-21T15:00:59Z
-n0waD4qzI4,25,37358,769,16,0,Entertainment,2024-10-21T15:00:06Z
qfih0r0sq0c,25,29020,1108,11,0,Gaming,2024-10-21T14:44:32Z
NUzGaZkGTu4,25,85575,412,0,0,Film & Animation,2024-10-21T14:45:49Z
I1cPbwuMc3U,25,254464,665,5,0,News & Politics,2024-10-21T14:29:42Z
3s6uanj_5DY,25,10768,742,81,0,Comedy,2024-10-21T14:26:44Z
XzW21Dj6PIQ,25,4404,361,6,0,Sports,2024-10-21T14:15:02Z
bD-R-2DPzuc,25,805409,16341,239,0,News & Politics,2024-10-21T14:05:31Z
f-Dvm17aVxk,25,17889,483,64,0,Sports,2024-10-21T14:00:42Z
RzQpDaa2044,25,2215235,31375,39,0,Sports,2024-10-21T13:32:11Z
Gs1r0uzedBw,25,3386,379,3,0,Education,2024-10-21T13:31:20Z
F4oaCRpuCtU,25,85421,612,89,0,News & Politics,2024-10-21T13:28:10Z
ng_xV81XhHM,25,6753,38,60,0,News & Politics,2024-10-21T13:03:08Z
yGLEpVbJm40,25,1885342,40135,9433,0,News & Politics,2024-10-21T13:01:10Z
lKwo4S2VA3c,25,47898,261,7,0,News & Politics,2024-10-21T13:01:47Z
T0sPOtCwXio,25,2154,480,17,0,Gaming,2024-10-21T12:55:26Z
6iG4Zp8HLOA,25,243839,4545,0,0,News & Politics,2024-10-21T12:52:07Z
E-TA8hJIUk8,25,15949,421,25,0,Sports,2024-10-21T12:40:42Z
gE4eK3He-7w,25,170886,3754,0,0,News & Politics,2024-10-21T20:09:19Z
qWDt3sCTGFg,25,82255,3940,114,0,Entertainment,2024-10-21T12:30:46Z
zZsgnPmP6lg,25,37633,3842,21,0,Gaming,2024-10-21T12:16:34Z
PYJ4do-OZAQ,25,194512,2649,723,0,Entertainment,2024-10-21T22:35:01Z
_AlZYvis4uE,25,341812,2437,260,0,Entertainment,2024-10-21T22:21:01Z
Nks9y_kpofE,25,24519,365,2,0,Gaming,2024-10-21T12:08:52Z
sMY2RlXdreo,25,60076,7334,203,0,Music,2024-10-21T12:01:12Z
u5us4Y5Q4AY,25,8148,1374,22,0,Nonprofits & Activism,2024-10-21T12:01:11Z
jX9vfyAyELE,25,3140,12,2,0,Entertainment,2024-10-21T12:00:06Z
IXq9Ex6qLxY,25,23874,1135,101,0,People & Blogs,2024-10-21T11:53:17Z
00-9NCfhVF8,25,13798,1709,32,0,Music,2024-10-21T11:50:09Z
mb5ldcr1jbA,26,336780,1519,4,0,News & Politics,2024-10-21T19:10:34Z
rtLGwJF9Jxc,26,105542,594,0,0,Film & Animation,2024-10-21T18:45:33Z
HAOgdVdSSkA,26,696436,0,7,0,News & Politics,2024-10-21T18:41:24Z
WWeOBvAvwrY,26,105099,10474,1965,0,News & Politics,2024-10-21T18:31:26Z
WunqF6zQnbI,26,73964,2203,72,0,News & Politics,2024-10-21T18:10:08Z
rm4qj0SJKKE,26,89045,2230,352,0,News & Politics,2024-10-21T20:26:07Z
uDvNq7vtGnM,26,7131,219,66,0,Entertainment,2024-10-21T17:38:38Z
p8SIBaDl9PE,26,77139,960,0,0,News & Politics,2024-10-21T17:37:58Z
q_V96gv_IDA,26,131822,1457,0,0,News & Politics,2024-10-21T17:34:17Z
TS6wQl2Gq_Y,26,13031,534,3,0,Gaming,2024-10-21T17:24:21Z
CQMZndfGRWI,26,65199,6113,366,0,People & Blogs,2024-10-21T20:12:23Z
qX6MAp5qQrU,26,126121,7245,158,0,News & Politics,2024-10-21T16:56:12Z
tcAExHTclc4,26,10093,78,0,0,Sports,2024-10-21T16:22:16Z
95RPXz_h2Fw,26,25086,3917,444,0,People & Blogs,2024-10-21T16:13:57Z
6kKE4Rurmmk,26,9863,819,142,0,Comedy,2024-10-21T16:11:11Z
YRyo5vL6XsI,26,43210,5954,101,0,Entertainment,2024-10-21T16:07:27Z
Y8hZ5i0TGIs,26,170917,1450,289,0,News & Politics,2024-10-21T15:52:42Z
JrD7QKy8PUI,26,616,26,2,0,Education,2024-10-21T15:51:16Z
f7v8WJgChU8,26,525,15,0,0,Sports,2024-10-21T15:30:18Z
zToiY455lhQ,26,5304896,408923,4096,0,People & Blogs,2024-10-21T15:06:25Z
uDVNRYxIMRE,26,101469,434,0,0,Film & Animation,2024-10-21T15:00:59Z
-n0waD4qzI4,26,37417,769,16,0,Entertainment,2024-10-21T15:00:06Z
qfih0r0sq0c,26,29020,1108,11,0,Gaming,2024-10-21T14:44:32Z
NUzGaZkGTu4,26,85595,412,0,0,Film & Animation,2024-10-21T14:45:49Z
I1cPbwuMc3U,26,254690,668,5,0,News & Politics,2024-10-21T14:29:42Z
3s6uanj_5DY,26,10768,742,81,0,Comedy,2024-10-21T14:26:44Z
XzW21Dj6PIQ,26,4431,361,7,0,Sports,2024-10-21T14:15:02Z
bD-R-2DPzuc,26,806250,16346,240,0,News & Politics,2024-10-21T14:05:31Z
f-Dvm17aVxk,26,17961,484,64,0,Sports,2024-10-21T14:00:42Z
RzQpDaa2044,26,2215377,31377,39,0,Sports,2024-10-21T13:32:11Z
Gs1r0uzedBw,26,3414,384,3,0,Education,2024-10-21T13:31:20Z
F4oaCRpuCtU,26,86125,620,91,0,News & Politics,2024-10-21T13:28:10Z
ng_xV81XhHM,26,6753,38,60,0,News & Politics,2024-10-21T13:03:08Z
yGLEpVbJm40,26,1889746,40172,9441,0,News & Politics,2024-10-21T13:01:10Z
lKwo4S2VA3c,26,47943,261,7,0,News & Politics,2024-10-21T13:01:47Z
T0sPOtCwXio,26,2177,483,17,0,Gaming,2024-10-21T12:55:26Z
6iG4Zp8HLOA,26,243900,4545,0,0,News & Politics,2024-10-21T12:52:07Z
E-TA8hJIUk8,26,15949,421,25,0,Sports,2024-10-21T12:40:42Z
gE4eK3He-7w,26,171036,3762,0,0,News & Politics,2024-10-21T20:09:19Z
qWDt3sCTGFg,26,82688,3957,114,0,Entertainment,2024-10-21T12:30:46Z
zZsgnPmP6lg,26,37647,3844,21,0,Gaming,2024-10-21T12:16:34Z
PYJ4do-OZAQ,26,194996,2656,731,0,Entertainment,2024-10-21T22:35:01Z
_AlZYvis4uE,26,342144,2438,260,0,Entertainment,2024-10-21T22:21:01Z
Nks9y_kpofE,26,24527,365,2,0,Gaming,2024-10-21T12:08:52Z
sMY2RlXdreo,26,60436,7378,204,0,Music,2024-10-21T12:01:12Z
u5us4Y5Q4AY,26,8285,1400,23,0,Nonprofits & Activism,2024-10-21T12:01:11Z
jX9vfyAyELE,26,3140,12,2,0,Entertainment,2024-10-21T12:00:06Z
IXq9Ex6qLxY,26,23874,1135,101,0,People & Blogs,2024-10-21T11:53:17Z
00-9NCfhVF8,26,13812,1710,32,0,Music,2024-10-21T11:50:09Z
mb5ldcr1jbA,27,337712,1523,4,0,News & Politics,2024-10-21T19:10:34Z
rtLGwJF9Jxc,27,105572,594,0,0,Film & Animation,2024-10-21T18:45:33Z
HAOgdVdSSkA,27,696852,0,7,0,News & Politics,2024-10-21T18:41:24Z
WWeOBvAvwrY,27,105124,10479,1970,0,News & Politics,2024-10-21T18:31:26Z
WunqF6zQnbI,27,74048,2205,86,0,News & Politics,2024-10-21T18:10:08Z
rm4qj0SJKKE,27,89089,2230,352,0,News & Politics,2024-10-21T20:26:07Z
uDvNq7vtGnM,27,7191,219,66,0,Entertainment,2024-10-21T17:38:38Z
p8SIBaDl9PE,27,77139,960,0,0,News & Politics,2024-10-21T17:37:58Z
q_V96gv_IDA,27,132042,1458,0,0,News & Politics,2024-10-21T17:34:17Z
TS6wQl2Gq_Y,27,13055,534,3,0,Gaming,2024-10-21T17:24:21Z
CQMZndfGRWI,27,65305,6122,367,0,People & Blogs,2024-10-21T20:12:23Z
qX6MAp5qQrU,27,126164,7247,158,0,News & Politics,2024-10-21T16:56:12Z
tcAExHTclc4,27,10100,78,0,0,Sports,2024-10-21T16:22:16Z
95RPXz_h2Fw,27,25128,3924,445,0,People & Blogs,2024-10-21T16:13:57Z
6kKE4Rurmmk,27,9890,819,143,0,Comedy,2024-10-21T16:11:11Z
YRyo5vL6XsI,27,43264,5960,101,0,Entertainment,2024-10-21T16:07:27Z
Y8hZ5i0TGIs,27,171543,1456,291,0,News & Politics,2024-10-21T15:52:42Z
JrD7QKy8PUI,27,617,26,2,0,Education,2024-10-21T15:51:16Z
f7v8WJgChU8,27,528,15,0,0,Sports,2024-10-21T15:30:18Z
zToiY455lhQ,27,5423386,414994,4145,0,People & Blogs,2024-10-21T15:06:25Z
uDVNRYxIMRE,27,102108,434,0,0,Film & Animation,2024-10-21T15:00:59Z
-n0waD4qzI4,27,37499,770,17,0,Entertainment,2024-10-21T15:00:06Z
qfih0r0sq0c,27,29073,1108,11,0,Gaming,2024-10-21T14:44:32Z
NUzGaZkGTu4,27,85597,412,0,0,Film & Animation,2024-10-21T14:45:49Z
I1cPbwuMc3U,27,255031,669,5,0,News & Politics,2024-10-21T14:29:42Z
3s6uanj_5DY,27,10768,742,81,0,Comedy,2024-10-21T14:26:44Z
XzW21Dj6PIQ,27,4431,361,7,0,Sports,2024-10-21T14:15:02Z
bD-R-2DPzuc,27,807270,16352,240,0,News & Politics,2024-10-21T14:05:31Z
f-Dvm17aVxk,27,18064,486,64,0,Sports,2024-10-21T14:00:42Z
RzQpDaa2044,27,2215608,31380,39,0,Sports,2024-10-21T13:32:11Z
Gs1r0uzedBw,27,3447,386,3,0,Education,2024-10-21T13:31:20Z
F4oaCRpuCtU,27,86819,632,91,0,News & Politics,2024-10-21T13:28:10Z
ng_xV81XhHM,27,6753,38,60,0,News & Politics,2024-10-21T13:03:08Z
yGLEpVbJm40,27,1893584,40195,9452,0,News & Politics,2024-10-21T13:01:10Z
lKwo4S2VA3c,27,47987,261,7,0,News & Politics,2024-10-21T13:01:47Z
T0sPOtCwXio,27,2190,486,17,0,Gaming,2024-10-21T12:55:26Z
6iG4Zp8HLOA,27,243986,4545,0,0,News & Politics,2024-10-21T12:52:07Z
E-TA8hJIUk8,27,15971,422,25,0,Sports,2024-10-21T12:40:42Z
gE4eK3He-7w,27,171184,3764,0,0,News & Politics,2024-10-21T20:09:19Z
qWDt3sCTGFg,27,83250,3966,115,0,Entertainment,2024-10-21T12:30:46Z
zZsgnPmP6lg,27,37670,3845,21,0,Gaming,2024-10-21T12:16:34Z
PYJ4do-OZAQ,27,195441,2662,737,0,Entertainment,2024-10-21T22:35:01Z
_AlZYvis4uE,27,342504,2439,261,0,Entertainment,2024-10-21T22:21:01Z
Nks9y_kpofE,27,24531,365,2,0,Gaming,2024-10-21T12:08:52Z
sMY2RlXdreo,27,60885,7416,205,0,Music,2024-10-21T12:01:12Z
u5us4Y5Q4AY,27,8436,1417,23,0,Nonprofits & Activism,2024-10-21T12:01:11Z
jX9vfyAyELE,27,3180,12,2,0,Entertainment,2024-10-21T12:00:06Z
IXq9Ex6qLxY,27,23894,1135,101,0,People & Blogs,2024-10-21T11:53:17Z
00-9NCfhVF8,27,13851,1710,32,0,Music,2024-10-21T11:50:09Z
mb5ldcr1jbA,28,338985,1524,4,0,News & Politics,2024-10-21T19:10:34Z
rtLGwJF9Jxc,28,105611,594,0,0,Film & Animation,2024-10-21T18:45:33Z
HAOgdVdSSkA,28,697529,0,7,0,News & Politics,2024-10-21T18:41:24Z
WWeOBvAvwrY,28,105174,10483,1971,0,News & Politics,2024-10-21T18:31:26Z
WunqF6zQnbI,28,74137,2206,86,0,News & Politics,2024-10-21T18:10:08Z
rm4qj0SJKKE,28,89143,2231,352,0,News & Politics,2024-10-21T20:26:07Z
uDvNq7vtGnM,28,7191,219,66,0,Entertainment,2024-10-21T17:38:38Z
p8SIBaDl9PE,28,77280,960,0,0,News & Politics,2024-10-21T17:37:58Z
q_V96gv_IDA,28,132284,1460,0,0,News & Politics,2024-10-21T17:34:17Z
TS6wQl2Gq_Y,28,13061,534,3,0,Gaming,2024-10-21T17:24:21Z
CQMZndfGRWI,28,65405,6127,367,0,People & Blogs,2024-10-21T20:12:23Z
qX6MAp5qQrU,28,126203,7247,158,0,News & Politics,2024-10-21T16:56:12Z
tcAExHTclc4,28,10101,78,0,0,Sports,2024-10-21T16:22:16Z
95RPXz_h2Fw,28,25199,3924,447,0,People & Blogs,2024-10-21T16:13:57Z
6kKE4Rurmmk,28,9914,821,143,0,Comedy,2024-10-21T16:11:11Z
YRyo5vL6XsI,28,43327,5964,101,0,Entertainment,2024-10-21T16:07:27Z
Y8hZ5i0TGIs,28,172417,1462,292,0,News & Politics,2024-10-21T15:52:42Z
JrD7QKy8PUI,28,619,26,2,0,Education,2024-10-21T15:51:16Z
f7v8WJgChU8,28,529,15,0,0,Sports,2024-10-21T15:30:18Z
zToiY455lhQ,28,5603593,420973,4180,0,People & Blogs,2024-10-21T15:06:25Z
uDVNRYxIMRE,28,102883,435,0,0,Film & Animation,2024-10-21T15:00:59Z
-n0waD4qzI4,28,37620,773,17,0,Entertainment,2024-10-21T15:00:06Z
qfih0r0sq0c,28,29105,1108,11,0,Gaming,2024-10-21T14:44:32Z
NUzGaZkGTu4,28,85597,412,0,0,Film & Animation,2024-10-21T14:45:49Z
I1cPbwuMc3U,28,255511,670,5,0,News & Politics,2024-10-21T14:29:42Z
3s6uanj_5DY,28,10792,742,81,0,Comedy,2024-10-21T14:26:44Z
XzW21Dj6PIQ,28,4494,362,7,0,Sports,2024-10-21T14:15:02Z
bD-R-2DPzuc,28,808512,16352,240,0,News & Politics,2024-10-21T14:05:31Z
f-Dvm17aVxk,28,18188,488,64,0,Sports,2024-10-21T14:00:42Z
RzQpDaa2044,28,2215969,31382,39,0,Sports,2024-10-21T13:32:11Z
Gs1r0uzedBw,28,3507,387,3,0,Education,2024-10-21T13:31:20Z
F4oaCRpuCtU,28,88196,639,92,0,News & Politics,2024-10-21T13:28:10Z
ng_xV81XhHM,28,6753,38,60,0,News & Politics,2024-10-21T13:03:08Z
yGLEpVbJm40,28,1897213,40211,9453,0,News & Politics,2024-10-21T13:01:10Z
lKwo4S2VA3c,28,48055,262,7,0,News & Politics,2024-10-21T13:01:47Z
T0sPOtCwXio,28,2212,488,17,0,Gaming,2024-10-21T12:55:26Z
6iG4Zp8HLOA,28,244092,4547,0,0,News & Politics,2024-10-21T12:52:07Z
E-TA8hJIUk8,28,16006,425,25,0,Sports,2024-10-21T12:40:42Z
gE4eK3He-7w,28,171394,3763,0,0,News & Politics,2024-10-21T20:09:19Z
qWDt3sCTGFg,28,84093,3980,115,0,Entertainment,2024-10-21T12:30:46Z
zZsgnPmP6lg,28,37712,3846,21,0,Gaming,2024-10-21T12:16:34Z
PYJ4do-OZAQ,28,195921,2665,739,0,Entertainment,2024-10-21T22:35:01Z
_AlZYvis4uE,28,342865,2441,262,0,Entertainment,2024-10-21T22:21:01Z
Nks9y_kpofE,28,24533,365,2,0,Gaming,2024-10-21T12:08:52Z
sMY2RlXdreo,28,61612,7442,205,0,Music,2024-10-21T12:01:12Z
u5us4Y5Q4AY,28,8625,1426,23,0,Nonprofits & Activism,2024-10-21T12:01:11Z
jX9vfyAyELE,28,3285,12,2,0,Entertainment,2024-10-21T12:00:06Z
IXq9Ex6qLxY,28,23893,1135,101,0,People & Blogs,2024-10-21T11:53:17Z
00-9NCfhVF8,28,13892,1710,32,0,Music,2024-10-21T11:50:09Z
mb5ldcr1jbA,29,339182,1525,4,0,News & Politics,2024-10-21T19:10:34Z
rtLGwJF9Jxc,29,105617,594,0,0,Film & Animation,2024-10-21T18:45:33Z
HAOgdVdSSkA,29,697635,0,7,0,News & Politics,2024-10-21T18:41:24Z
WWeOBvAvwrY,29,105193,10486,1973,0,News & Politics,2024-10-21T18:31:26Z
WunqF6zQnbI,29,74137,2206,86,0,News & Politics,2024-10-21T18:10:08Z
rm4qj0SJKKE,29,89158,2231,352,0,News & Politics,2024-10-21T20:26:07Z
uDvNq7vtGnM,29,7191,219,66,0,Entertainment,2024-10-21T17:38:38Z
p8SIBaDl9PE,29,77280,960,0,0,News & Politics,2024-10-21T17:37:58Z
q_V96gv_IDA,29,132373,1464,0,0,News & Politics,2024-10-21T17:34:17Z
TS6wQl2Gq_Y,29,13084,534,3,0,Gaming,2024-10-21T17:24:21Z
CQMZndfGRWI,29,65424,6131,367,0,People & Blogs,2024-10-21T20:12:23Z
qX6MAp5qQrU,29,126212,7247,158,0,News & Politics,2024-10-21T16:56:12Z
tcAExHTclc4,29,10110,78,0,0,Sports,2024-10-21T16:22:16Z
95RPXz_h2Fw,29,25217,3925,447,0,People & Blogs,2024-10-21T16:13:57Z
6kKE4Rurmmk,29,9914,821,143,0,Comedy,2024-10-21T16:11:11Z
YRyo5vL6XsI,29,43338,5966,101,0,Entertainment,2024-10-21T16:07:27Z
Y8hZ5i0TGIs,29,172547,1473,294,0,News & Politics,2024-10-21T15:52:42Z
JrD7QKy8PUI,29,619,26,2,0,Education,2024-10-21T15:51:16Z
f7v8WJgChU8,29,537,15,0,0,Sports,2024-10-21T15:30:18Z
zToiY455lhQ,29,5639958,426278,4208,0,People & Blogs,2024-10-21T15:06:25Z
uDVNRYxIMRE,29,103279,437,0,0,Film & Animation,2024-10-21T15:00:59Z
-n0waD4qzI4,29,37649,775,17,0,Entertainment,2024-10-21T15:00:06Z
qfih0r0sq0c,29,29122,1109,11,0,Gaming,2024-10-21T14:44:32Z
NUzGaZkGTu4,29,85597,412,0,0,Film & Animation,2024-10-21T14:45:49Z
I1cPbwuMc3U,29,255615,674,5,0,News & Politics,2024-10-21T14:29:42Z
3s6uanj_5DY,29,10792,742,81,0,Comedy,2024-10-21T14:26:44Z
XzW21Dj6PIQ,29,4496,362,7,0,Sports,2024-10-21T14:15:02Z
bD-R-2DPzuc,29,808762,16354,240,0,News & Politics,2024-10-21T14:05:31Z
f-Dvm17aVxk,29,18216,488,64,0,Sports,2024-10-21T14:00:42Z
RzQpDaa2044,29,2216091,31382,39,0,Sports,2024-10-21T13:32:11Z
Gs1r0uzedBw,29,3511,392,3,0,Education,2024-10-21T13:31:20Z
F4oaCRpuCtU,29,88484,642,93,0,News & Politics,2024-10-21T13:28:10Z
ng_xV81XhHM,29,6773,38,60,0,News & Politics,2024-10-21T13:03:08Z
yGLEpVbJm40,29,1898176,40227,9455,0,News & Politics,2024-10-21T13:01:10Z
lKwo4S2VA3c,29,48071,262,7,0,News & Politics,2024-10-21T13:01:47Z
T0sPOtCwXio,29,2217,489,17,0,Gaming,2024-10-21T12:55:26Z
6iG4Zp8HLOA,29,244130,4548,0,0,News & Politics,2024-10-21T12:52:07Z
E-TA8hJIUk8,29,16045,432,26,0,Sports,2024-10-21T12:40:42Z
gE4eK3He-7w,29,171493,3769,0,0,News & Politics,2024-10-21T20:09:19Z
qWDt3sCTGFg,29,84253,3989,115,0,Entertainment,2024-10-21T12:30:46Z
zZsgnPmP6lg,29,37725,3848,21,0,Gaming,2024-10-21T12:16:34Z
PYJ4do-OZAQ,29,196156,2667,740,0,Entertainment,2024-10-21T22:35:01Z
_AlZYvis4uE,29,342999,2442,264,0,Entertainment,2024-10-21T22:21:01Z
Nks9y_kpofE,29,24533,365,2,0,Gaming,2024-10-21T12:08:52Z
sMY2RlXdreo,29,61738,7480,206,0,Music,2024-10-21T12:01:12Z
u5us4Y5Q4AY,29,8661,1435,23,0,Nonprofits & Activism,2024-10-21T12:01:11Z
jX9vfyAyELE,29,3285,12,2,0,Entertainment,2024-10-21T12:00:06Z
IXq9Ex6qLxY,29,23920,1135,99,0,People & Blogs,2024-10-21T11:53:17Z
00-9NCfhVF8,29,13908,1712,32,0,Music,2024-10-21T11:50:09Z
mb5ldcr1jbA,30,340450,1525,4,0,News & Politics,2024-10-21T19:10:34Z
rtLGwJF9Jxc,30,105617,594,0,0,Film & Animation,2024-10-21T18:45:33Z
HAOgdVdSSkA,30,698370,0,7,0,News & Politics,2024-10-21T18:41:24Z
WWeOBvAvwrY,30,105269,10493,1974,0,News & Politics,2024-10-21T18:31:26Z
WunqF6zQnbI,30,74137,2206,86,0,News & Politics,2024-10-21T18:10:08Z
rm4qj0SJKKE,30,89254,2231,352,0,News & Politics,2024-10-21T20:26:07Z
uDvNq7vtGnM,30,7224,219,66,0,Entertainment,2024-10-21T17:38:38Z
p8SIBaDl9PE,30,77280,960,0,0,News & Politics,2024-10-21T17:37:58Z
q_V96gv_IDA,30,132868,1466,0,0,News & Politics,2024-10-21T17:34:17Z
TS6wQl2Gq_Y,30,13084,534,3,0,Gaming,2024-10-21T17:24:21Z
CQMZndfGRWI,30,65508,6134,367,0,People & Blogs,2024-10-21T20:12:23Z
qX6MAp5qQrU,30,126254,7248,158,0,News & Politics,2024-10-21T16:56:12Z
tcAExHTclc4,30,10121,78,0,0,Sports,2024-10-21T16:22:16Z
95RPXz_h2Fw,30,25316,3925,447,0,People & Blogs,2024-10-21T16:13:57Z
6kKE4Rurmmk,30,9914,821,143,0,Comedy,2024-10-21T16:11:11Z
YRyo5vL6XsI,30,43409,5971,101,0,Entertainment,2024-10-21T16:07:27Z
Y8hZ5i0TGIs,30,173765,1489,301,0,News & Politics,2024-10-21T15:52:42Z
JrD7QKy8PUI,30,628,26,2,0,Education,2024-10-21T15:51:16Z
f7v8WJgChU8,30,538,15,0,0,Sports,2024-10-21T15:30:18Z
zToiY455lhQ,30,5908193,431200,4239,0,People & Blogs,2024-10-21T15:06:25Z
uDVNRYxIMRE,30,104398,441,0,0,Film & Animation,2024-10-21T15:00:59Z
-n0waD4qzI4,30,37649,775,17,0,Entertainment,2024-10-21T15:00:06Z
qfih0r0sq0c,30,29157,1109,11,0,Gaming,2024-10-21T14:44:32Z
NUzGaZkGTu4,30,85703,412,0,0,Film & Animation,2024-10-21T14:45:49Z
I1cPbwuMc3U,30,256241,678,5,0,News & Politics,2024-10-21T14:29:42Z
3s6uanj_5DY,30,10792,742,81,0,Comedy,2024-10-21T14:26:44Z
XzW21Dj6PIQ,30,4558,363,7,0,Sports,2024-10-21T14:15:02Z
bD-R-2DPzuc,30,810191,16358,240,0,News & Politics,2024-10-21T14:05:31Z
f-Dvm17aVxk,30,18355,491,64,0,Sports,2024-10-21T14:00:42Z
RzQpDaa2044,30,2216698,31384,39,0,Sports,2024-10-21T13:32:11Z
Gs1r0uzedBw,30,3562,399,3,0,Education,2024-10-21T13:31:20Z
F4oaCRpuCtU,30,90077,642,93,0,News & Politics,2024-10-21T13:28:10Z
ng_xV81XhHM,30,6773,38,60,0,News & Politics,2024-10-21T13:03:08Z
yGLEpVbJm40,30,1900574,40242,9457,0,News & Politics,2024-10-21T13:01:10Z
lKwo4S2VA3c,30,48071,262,7,0,News & Politics,2024-10-21T13:01:47Z
T0sPOtCwXio,30,2239,492,17,0,Gaming,2024-10-21T12:55:26Z
6iG4Zp8HLOA,30,244386,4549,0,0,News & Politics,2024-10-21T12:52:07Z
E-TA8hJIUk8,30,16375,437,26,0,Sports,2024-10-21T12:40:42Z
gE4eK3He-7w,30,171915,3775,0,0,News & Politics,2024-10-21T20:09:19Z
qWDt3sCTGFg,30,85182,4010,116,0,Entertainment,2024-10-21T12:30:46Z
zZsgnPmP6lg,30,37760,3848,21,0,Gaming,2024-10-21T12:16:34Z
PYJ4do-OZAQ,30,196586,2670,741,0,Entertainment,2024-10-21T22:35:01Z
_AlZYvis4uE,30,343331,2443,265,0,Entertainment,2024-10-21T22:21:01Z
Nks9y_kpofE,30,24533,365,2,0,Gaming,2024-10-21T12:08:52Z
sMY2RlXdreo,30,62628,7520,206,0,Music,2024-10-21T12:01:12Z
u5us4Y5Q4AY,30,8841,1443,23,0,Nonprofits & Activism,2024-10-21T12:01:11Z
jX9vfyAyELE,30,3285,12,2,0,Entertainment,2024-10-21T12:00:06Z
IXq9Ex6qLxY,30,23920,1135,99,0,People & Blogs,2024-10-21T11:53:17Z
00-9NCfhVF8,30,13969,1713,32,0,Music,2024-10-21T11:50:09Z
